Date,Equal Weight
2016-01-05,-0.00010376457009424113
2016-01-06,0.0005164346822592732
2016-01-07,-0.005876315285052298
2016-01-08,-0.004090867795162794
2016-01-11,-0.003684911875638181
2016-01-12,0.004905820602478592
2016-01-13,-0.004595041596342428
2016-01-14,0.0006200512389060116
2016-01-15,-0.006129195359294506
2016-01-19,0.0010458382825607234
2016-01-20,-0.0019407032563583736
2016-01-21,0.0010535317337693956
2016-01-22,0.008416939493145295
2016-01-25,-0.002617282505122455
2016-01-26,0.008874986813322308
2016-01-27,-0.002819351950397355
2016-01-28,-6.121556629834067e-06
2016-01-29,0.01157117155764584
2016-02-01,0.0008060989924392678
2016-02-02,-0.0038991869842326826
2016-02-03,0.003296408174453197
2016-02-04,0.004086130629859437
2016-02-05,-0.003623072527333328
2016-02-08,0.0012925584435228587
2016-02-09,-0.002499029999769214
2016-02-10,0.003438911959289606
2016-02-11,0.004075883745770233
2016-02-12,0.002561136334976019
2016-02-16,-0.0012641909212038908
2016-02-17,0.006601392742452198
2016-02-18,0.006030653059693461
2016-02-19,-0.0012645942572621998
2016-02-22,0.0015169099708504336
2016-02-23,-0.0019328092334774236
2016-02-24,0.0005754491539847561
2016-02-25,0.006530934898880151
2016-02-26,-0.004561993471607103
2016-02-29,0.0007490388140774677
2016-03-01,0.004550560376333422
2016-03-02,0.0043706791505719895
2016-03-03,0.007079323881157934
2016-03-04,0.00020200046345168618
2016-03-07,0.0008472860382177937
2016-03-08,-0.002429105642838587
2016-03-09,-0.0011129451799756452
2016-03-10,0.002266873603965341
2016-03-11,0.0026437528141195813
2016-03-14,-0.002564581717045602
2016-03-15,-0.0019907567027968457
2016-03-16,0.008835418121152069
2016-03-17,0.0032815622689231594
2016-03-18,0.00043167288122403225
2016-03-21,-0.003385799185654054
2016-03-22,-4.0627805894277055e-05
2016-03-23,-0.005140580137618614
2016-03-24,-0.001865831027026097
2016-03-28,0.0022157066944943184
2016-03-29,0.010418928774449237
2016-03-30,-0.0026366692626914904
2016-03-31,0.0005235767056217903
2016-04-01,-0.0017151599216924111
2016-04-04,-0.0020714511657008304
2016-04-05,-0.0009057256810014578
2016-04-06,0.00271663173505482
2016-04-07,0.00048504346971679974
2016-04-08,0.0026021870745306375
2016-04-11,0.0021701589390305757
2016-04-12,0.0032428089446548554
2016-04-13,0.0038288573066908617
2016-04-14,-0.003471788655862301
2016-04-15,0.0029872223150185302
2016-04-18,0.0019739548312066734
2016-04-19,0.006535445301112091
2016-04-20,-0.003379638878713935
2016-04-21,-0.003021963977849538
2016-04-22,-0.0029082979007716524
2016-04-25,-0.00179888306853149
2016-04-26,0.0007982842856047252
2016-04-27,0.003712299425278691
2016-04-28,0.00047750369785412464
2016-04-29,0.002394784929559475
2016-05-02,0.0006660691873142257
2016-05-03,-0.0025753762613087796
2016-05-04,-0.003522507677529928
2016-05-05,0.0011723717847141625
2016-05-06,0.0019386348037280648
2016-05-09,-0.0035655935746248197
2016-05-10,0.005976697596020265
2016-05-11,-0.0005788891992058852
2016-05-12,-0.00262072681987855
2016-05-13,-0.0006721297605654613
2016-05-16,0.002458507267496322
2016-05-17,-0.002466287884037544
2016-05-18,-0.0071334527467166
2016-05-19,-0.0014740040042428577
2016-05-20,0.0029122239884884545
2016-05-23,-0.0010875126037502728
2016-05-24,0.0009789396536753695
2016-05-25,0.0022029377877755244
2016-05-26,0.0012986415083198358
2016-05-27,-0.0013992921781035064
2016-05-31,0.00017182878429491502
2016-06-01,0.0006948750374941357
2016-06-02,0.002081925354960983
2016-06-03,0.010153745683915503
2016-06-06,0.0003999925597030027
2016-06-07,0.0023107956184513115
2016-06-08,0.0051548966911013515
2016-06-09,-0.0002123383462793016
2016-06-10,-0.005702290436562601
2016-06-13,-0.001881212973017634
2016-06-14,-0.0036673289517051666
2016-06-15,0.0037163267099152983
2016-06-16,7.586615200034866e-05
2016-06-17,0.0023987538949366482
2016-06-20,0.002350696322310124
2016-06-21,-0.0027244028700343864
2016-06-22,9.746863306858903e-05
2016-06-23,0.004175221992737683
2016-06-24,-0.008241278594692576
2016-06-27,-0.0004931303344903925
2016-06-28,0.007428276074145792
2016-06-29,0.006243197578503589
2016-06-30,0.007799011160516667
2016-07-01,0.006669081267293117
2016-07-05,-0.0005838485633371641
2016-07-06,0.0026816600068097617
2016-07-07,-0.0018499318540270433
2016-07-08,0.009023474754254295
2016-07-11,-0.0005407689703071254
2016-07-12,-0.0030843101194869597
2016-07-13,0.004190560668669905
2016-07-14,-0.0017372855051327994
2016-07-15,-0.004542837473732261
2016-07-18,0.0012297291189152838
2016-07-19,7.921423769939374e-06
2016-07-20,-0.0015263517818292056
2016-07-21,0.002069233006345246
2016-07-22,0.00020330714468807701
2016-07-25,-0.0024981500965573873
2016-07-26,0.001992617421077853
2016-07-27,0.006879653932493927
2016-07-28,-0.000953416710728852
2016-07-29,0.006965417622706906
2016-08-01,-0.0038100015586133747
2016-08-02,-0.003278954608262547
2016-08-03,-0.0007435320830528147
2016-08-04,0.0035556861672547783
2016-08-05,-0.003819040782497181
2016-08-08,0.0006443952318844402
2016-08-09,0.005007161370378797
2016-08-10,0.00211632069553058
2016-08-11,-0.0012851289907105914
2016-08-12,0.001033244613998846
2016-08-15,-0.00018820738056623632
2016-08-16,-0.0010121321988678302
2016-08-17,0.0018803069187314
2016-08-18,0.003042546145531751
2016-08-19,-0.005033666497725607
2016-08-22,0.0018746091931713977
2016-08-23,0.0014541407241399627
2016-08-24,-0.004213660231261589
2016-08-25,-0.002122448453872668
2016-08-26,-0.0033474709237114476
2016-08-29,0.00523903330163767
2016-08-30,-0.0035468230861579538
2016-08-31,-0.001049969616311784
2016-09-01,0.0025403539250685512
2016-09-02,0.003346759817878599
2016-09-06,0.0072148326498484745
2016-09-07,-0.000630086515107744
2016-09-08,-0.005311027978852535
2016-09-09,-0.0143008192018099
2016-09-12,0.0045038073324880756
2016-09-13,-0.011098867285618463
2016-09-14,0.000833060376654268
2016-09-15,0.001762657886782343
2016-09-16,-0.0020961339403868977
2016-09-19,0.0007062843521285366
2016-09-20,0.002192408161715448
2016-09-21,0.010732413341535277
2016-09-22,0.005684944081056434
2016-09-23,-0.002868634126500506
2016-09-26,-0.0020875018711875373
2016-09-27,0.0024289794609695784
2016-09-28,0.001492992804299768
2016-09-29,-0.004111019864176778
2016-09-30,0.0004883203617808885
2016-10-03,-0.002574416115132165
2016-10-04,-0.010982467274806052
2016-10-05,0.0001316213636645158
2016-10-06,-0.0038251356443664802
2016-10-07,-0.001452808972717575
2016-10-10,0.0009338406305197897
2016-10-11,-0.0070512293306296886
2016-10-12,0.0003918653350324193
2016-10-13,0.00012017965267619976
2016-10-14,-0.003868256133602638
2016-10-17,0.0009709666576398732
2016-10-18,0.005356097187085785
2016-10-19,0.002517293132598962
2016-10-20,-0.0004882897829355891
2016-10-21,0.00018002326681126478
2016-10-24,-0.0008413525003281194
2016-10-25,0.0013306948474161265
2016-10-26,-0.004216702272687256
2016-10-27,-0.0030937813894961505
2016-10-28,-0.00020416030260136687
2016-10-31,0.0021719817105303393
2016-11-01,-0.0010562459319589364
2016-11-02,-8.87361591501366e-05
2016-11-03,-0.0017281191012966934
2016-11-04,0.000154370833985748
2016-11-07,0.0016075501650126265
2016-11-08,-0.0004927437880828115
2016-11-09,-0.008197970853675234
2016-11-10,-0.006867637855697246
2016-11-11,-0.007535189075633446
2016-11-14,-0.004760596412314488
2016-11-15,0.00536251459304318
2016-11-16,-0.0007974447222027224
2016-11-17,-0.002249621105789514
2016-11-18,-0.00553344503838899
2016-11-21,0.004582384859417596
2016-11-22,0.0009088327085499509
2016-11-23,-0.005984397400203977
2016-11-25,0.0005493249113213723
2016-11-28,0.0022866515239313065
2016-11-29,0.0017168756331277625
2016-11-30,-0.0074072179985836106
2016-12-01,-0.0047131462235310536
2016-12-02,0.00379943223200331
2016-12-05,0.002002112676948299
2016-12-06,0.0016754313514011473
2016-12-07,0.008426262435981801
2016-12-08,-0.0028439500052518723
2016-12-09,-0.003125934020238846
2016-12-12,-0.0001570723907695083
2016-12-13,0.003820473110233335
2016-12-14,-0.010919778685959352
2016-12-15,-0.0016761484887691392
2016-12-16,0.0007852845425666143
2016-12-19,0.003808307855894516
2016-12-20,-0.0011995836374515895
2016-12-21,0.0009322166228368562
2016-12-22,-0.0015483499581712482
2016-12-23,0.0017891337855627063
2016-12-27,0.0006239719474669745
2016-12-28,-1.1704697915063825e-05
2016-12-29,0.004389202176224913
2016-12-30,-0.0005164988989530314
2017-01-03,0.005255393035584232
2017-01-04,0.004970705018351164
2017-01-05,0.008576838813067032
2017-01-06,-0.003876499882473876
2017-01-09,0.0026430051816037172
2017-01-10,0.0006702982047942725
2017-01-11,0.0031459089843083117
2017-01-12,0.00021643521890261227
2017-01-13,0.00036022947332431556
2017-01-17,0.004191189950654189
2017-01-18,-0.005280315846541034
2017-01-19,-0.003247683392876552
2017-01-20,0.0019583415216695614
2017-01-23,0.0038787797924121504
2017-01-24,-0.0008072075956962143
2017-01-25,-0.0009522371787887031
2017-01-26,-0.002001255968834778
2017-01-27,0.0006762364190583715
2017-01-30,-0.0024937631757292683
2017-01-31,0.0049266526625715255
2017-02-01,-0.0012912363044401737
2017-02-02,0.0013238608896549884
2017-02-03,0.0027525816672693227
2017-02-06,0.002636670763337677
2017-02-07,0.0011112834575796003
2017-02-08,0.0051136207964469485
2017-02-09,-0.0023339482024668902
2017-02-10,0.00164420131318606
2017-02-13,-0.00042380597763343707
2017-02-14,-0.0011318141852124052
2017-02-15,0.0014321203839850797
2017-02-16,0.0028927425934306738
2017-02-17,0.0007320998200963045
2017-02-21,0.0015883448489209652
2017-02-22,0.0006415611093148673
2017-02-23,0.0032113243578759444
2017-02-24,0.003023715786202977
2017-02-27,-0.002091515693736444
2017-02-28,-1.4222167218242986e-05
2017-03-01,0.00034969943313843666
2017-03-02,-0.006078627997925642
2017-03-03,0.0018468501083733983
2017-03-06,-0.0036438371836505106
2017-03-07,-0.003779685937727217
2017-03-08,-0.003964801483528224
2017-03-09,-0.0022638463735630385
2017-03-10,0.003813853285769822
2017-03-13,-0.0003953856633755884
2017-03-14,-0.0022570909728295997
2017-03-15,0.011784644533244798
2017-03-16,0.0002243224280486469
2017-03-17,0.0022392520351705216
2017-03-20,0.0014525067046144103
2017-03-21,0.000365004594252361
2017-03-22,0.0020041556793879687
2017-03-23,-0.00024766758919195485
2017-03-24,0.001350694162311347
2017-03-27,0.0027026383963285458
2017-03-28,-0.00016794387366575038
2017-03-29,0.002417230808717299
2017-03-30,-0.0035978251504003586
2017-03-31,0.00038301615908289125
2017-04-03,0.003277374514101041
2017-04-04,-0.0007701170418143425
2017-04-05,-0.0008398151742278262
2017-04-06,-0.0004987694619593624
2017-04-07,-0.0010860609795649966
2017-04-10,0.001097955579521169
2017-04-11,0.006035061757961594
2017-04-12,0.0019173320117455992
2017-04-13,-0.0007970008715655952
2017-04-17,0.001671832168400098
2017-04-18,0.002914993016219956
2017-04-19,-0.004433874861618265
2017-04-20,0.002518475195402575
2017-04-21,0.00017485093538700602
2017-04-24,0.004554644256706144
2017-04-25,-0.0024753741988549436
2017-04-26,0.0016319437930445316
2017-04-27,-0.0002835700234463011
2017-04-28,0.0008190558341488669
2017-05-01,-0.0027034649391423898
2017-05-02,0.0023579315422688754
2017-05-03,-0.0034725577548718654
2017-05-04,-0.0010876714860005837
2017-05-05,0.0036114570714250406
2017-05-08,-0.0034098917766090995
2017-05-09,-0.0019451507850185778
2017-05-10,0.0004867729079937057
2017-05-11,-0.00012630907537233472
2017-05-12,0.0036080900277737295
2017-05-15,0.0019351385742726619
2017-05-16,0.003111282957947326
2017-05-17,0.0017572654930155627
2017-05-18,-0.00045191965285566553
2017-05-19,0.005018555622140613
2017-05-22,0.0015164298107085041
2017-05-23,-0.0025789350758275353
2017-05-24,0.0028608325164941454
2017-05-25,0.0008711271124274395
2017-05-26,0.0014762318415089625
2017-05-30,0.00030682251101419087
2017-05-31,0.0016952225141238146
2017-06-01,0.0029538438579273657
2017-06-02,0.007296058803062802
2017-06-05,-0.0025920967374849623
2017-06-06,0.002598093585743035
2017-06-07,-0.001859133557076828
2017-06-08,-0.0023263756021651818
2017-06-09,-0.0032829958218450837
2017-06-12,-0.0011983231813750843
2017-06-13,0.0028020666761917118
2017-06-14,0.0022640417936286607
2017-06-15,-0.0037617175890778884
2017-06-16,0.002309979448859785
2017-06-19,0.0003652668906670406
2017-06-20,-0.0012433065031507862
2017-06-21,0.0006937691482044101
2017-06-22,0.0010576957393297127
2017-06-23,0.0016319811516108537
2017-06-26,-0.00045844093977420535
2017-06-27,-0.0036055530130328587
2017-06-28,0.0030735989816512016
2017-06-29,-0.006758571503294309
2017-06-30,-0.0007687757271042158
2017-07-03,-0.004083706068265965
2017-07-05,0.0012487345966334243
2017-07-06,-0.004821815634948185
2017-07-07,-0.002019459567946474
2017-07-10,0.001414117730444349
2017-07-11,0.0010933644340240646
2017-07-12,0.00577670376417528
2017-07-13,-0.0009224973163390513
2017-07-14,0.0043815513701596295
2017-07-17,0.001167343242004442
2017-07-18,0.003926207509267384
2017-07-19,0.0020123087440759163
2017-07-20,0.001774015993592482
2017-07-21,0.0019972578965031604
2017-07-24,-0.0014903012621679918
2017-07-25,-0.003225453510769186
2017-07-26,0.003610824498695814
2017-07-27,-0.002116149151843645
2017-07-28,0.0030661847373487905
2017-07-31,0.0005549040509462445
2017-08-01,0.0033369323449895976
2017-08-02,-0.0002443459062700852
2017-08-03,0.0025493028084793614
2017-08-04,-0.0029874879892827565
2017-08-07,0.00038644863591109983
2017-08-08,-0.0017800751913551191
2017-08-09,0.00324588224013228
2017-08-10,-0.002193323390247612
2017-08-11,0.0011121160400848573
2017-08-14,0.0008813093562262757
2017-08-15,-0.0028130657127738365
2017-08-16,0.004025487859094915
2017-08-17,-0.0025585156767305934
2017-08-18,-0.0003069010823175772
2017-08-21,0.0015680635511791333
2017-08-22,0.0011424131968867724
2017-08-23,0.0019129726379158532
2017-08-24,-0.0025295742314075244
2017-08-25,0.0032916317016698365
2017-08-28,0.0031906848362960954
2017-08-29,-0.00015579363331245772
2017-08-30,0.0005298818778943404
2017-08-31,0.005911566516960285
2017-09-01,-0.0009902636716781746
2017-09-05,0.0033863344552777833
2017-09-06,-0.0005331389194433744
2017-09-07,0.006198608138957625
2017-09-08,-0.001197899685000473
2017-09-11,-0.001962674510339517
2017-09-12,0.0005957622858743834
2017-09-13,-0.0034583914153517715
2017-09-14,0.0020903562242261995
2017-09-15,-0.0005015674318747433
2017-09-18,-0.00249685758951341
2017-09-19,0.0009989912373272619
2017-09-20,-0.0019561317704728065
2017-09-21,-0.0026476619070361887
2017-09-22,0.0022183447674886682
2017-09-25,0.0023789952396702334
2017-09-26,-0.0030432465152321246
2017-09-27,-0.004564435914024076
2017-09-28,0.0005678076382999602
2017-09-29,0.0011423678633754443
2017-10-02,-0.0009109845958066506
2017-10-03,0.0015337053943711813
2017-10-04,0.00042076250861406746
2017-10-05,-0.0008499387179934553
2017-10-06,-0.0002454350432943855
2017-10-09,0.0022459589176807844
2017-10-10,0.003264690831822145
2017-10-11,0.0018757732160319006
2017-10-12,0.0007714000677311359
2017-10-13,0.004698393628384546
2017-10-16,-0.0015450939547655416
2017-10-17,-0.0015758644112443074
2017-10-18,-0.0016268055870217628
2017-10-19,0.0014659311530442183
2017-10-20,-0.003249891552160829
2017-10-23,-0.0002740762431011736
2017-10-24,-0.001835281717436147
2017-10-25,-0.002793482797371677
2017-10-26,-0.0024127888615898276
2017-10-27,0.004866917790058378
2017-10-30,0.002577386313537462
2017-10-31,0.000242269292418955
2017-11-01,0.002253316168143757
2017-11-02,0.0018092012229038526
2017-11-03,0.00013798426503352994
2017-11-06,0.003223270386316356
2017-11-07,-0.0006560568837971418
2017-11-08,0.0010773901520223287
2017-11-09,-0.0017628195109547669
2017-11-10,-0.006141579177120509
2017-11-13,0.00011528468695554453
2017-11-14,0.0013302612729507788
2017-11-15,0.0003310646405591186
2017-11-16,0.0013348763041001945
2017-11-17,0.002841640355816825
2017-11-20,-0.002016999656624416
2017-11-21,0.0039944231021058025
2017-11-22,0.003236332432502124
2017-11-24,0.000960047688481758
2017-11-27,-0.0007029665005295375
2017-11-28,0.0033572922170046512
2017-11-29,-0.0046003800207950725
2017-11-30,-0.0006651892460008967
2017-12-01,0.0029067912189968213
2017-12-04,-0.0015291615257623497
2017-12-05,-0.0013636480487186917
2017-12-06,6.575854396542123e-05
2017-12-07,-0.003278058552351092
2017-12-08,0.002076944204199578
2017-12-11,-0.00011373296486263951
2017-12-12,0.000666676018652844
2017-12-13,0.004509390603478379
2017-12-14,-0.001400690403493819
2017-12-15,0.0028445658219408707
2017-12-18,0.00245671901738816
2017-12-19,-0.004500423360926421
2017-12-20,-0.0026403466430783094
2017-12-21,0.0027445686066235667
2017-12-22,0.0018846254208146488
2017-12-26,0.0018396535562986195
2017-12-27,0.004459597700987842
2017-12-28,0.001182278499741533
2017-12-29,0.0012704265059340168
2018-01-02,0.0029163429739761633
2018-01-03,0.002593655918640663
2018-01-04,0.003926881629778419
2018-01-05,0.0014857491048393357
2018-01-08,0.00014445510979819762
2018-01-09,-0.0035144731235214294
2018-01-10,-0.0004887734999409278
2018-01-11,0.00442256797512415
2018-01-12,0.006036838871319627
2018-01-16,0.0003025176474719038
2018-01-17,0.0008555647041857476
2018-01-18,-0.0032654134906321317
2018-01-19,0.0013757232240464382
2018-01-22,0.0031121109837040036
2018-01-23,0.0034287021528138194
2018-01-24,0.0013965189643625879
2018-01-25,0.00014141866770269306
2018-01-26,0.00313880053053053
2018-01-29,-0.006101473004987285
2018-01-30,-0.006166841065695435
2018-01-31,0.002599284773750186
2018-02-01,-0.00250233754453564
2018-02-02,-0.013499198032305884
2018-02-05,-0.013487597010099397
2018-02-06,0.0037156832524535125
2018-02-07,-0.006518464893371827
2018-02-08,-0.012986264521875221
2018-02-09,0.002068190839658858
2018-02-12,0.007676856448790392
2018-02-13,0.002151193807869252
2018-02-14,0.006655619924361398
2018-02-15,0.004982325106731301
2018-02-16,0.0016984863152277208
2018-02-20,-0.006881564668511773
2018-02-21,-0.006039751219692693
2018-02-22,0.002925510363382839
2018-02-23,0.006874292094174393
2018-02-26,0.004880775326926798
2018-02-27,-0.008366052184308725
2018-02-28,-0.002505130754230626
2018-03-01,-0.004913732089615548
2018-03-02,0.0011491334757716414
2018-03-05,0.0023709455555291662
2018-03-06,0.004051083388949541
2018-03-07,-0.0016838531437434574
2018-03-08,0.002352604710272356
2018-03-09,0.0032378291627324827
2018-03-12,0.0012964387132139111
2018-03-13,-0.0009901046445489358
2018-03-14,0.0014008562582578281
2018-03-15,-0.0015584582021929473
2018-03-16,-0.0012449715016417855
2018-03-19,-0.004708003555108583
2018-03-20,-0.001697212699586202
2018-03-21,0.003535701998354322
2018-03-22,-0.007143088852814217
2018-03-23,-0.004041213117483752
2018-03-26,0.009263017162019764
2018-03-27,-0.0034580595673546926
2018-03-28,-0.001515330046036607
2018-03-29,0.006335537972475143
2018-04-02,-0.004861856968789837
2018-04-03,0.0005418882199954716
2018-04-04,0.0028938468020724773
2018-04-05,-2.9876992082574566e-05
2018-04-06,-0.0021459025187151285
2018-04-09,0.0036282263262494155
2018-04-10,0.005387336532886838
2018-04-11,0.0006130763343656481
2018-04-12,-0.0017987809059743407
2018-04-13,0.001471619364041168
2018-04-16,0.0023198144280242774
2018-04-17,0.0038351590117718702
2018-04-18,-0.0008531827134969611
2018-04-19,-0.004367372758851705
2018-04-20,-0.005901473543200205
2018-04-23,-0.0019840548116821692
2018-04-24,-0.0037567294626511243
2018-04-25,-0.002733404562366797
2018-04-26,0.00407922538621646
2018-04-27,0.0030417785650160415
2018-04-30,-0.0033460374567212065
2018-05-01,-0.002585260188158977
2018-05-02,-0.0017670395462194175
2018-05-03,0.0022926725040253865
2018-05-04,0.0042055552179762765
2018-05-07,0.00028444205820616443
2018-05-08,-0.0003599328403482091
2018-05-09,0.0005798090202597246
2018-05-10,0.006578780847933256
2018-05-11,0.0013295840687049907
2018-05-14,-0.0014767920306398884
2018-05-15,-0.009255637236457311
2018-05-16,-0.0001742646698839306
2018-05-17,-0.001022788681907259
2018-05-18,0.001093554036469497
2018-05-21,0.0029615931940070095
2018-05-22,-0.0012462686596491869
2018-05-23,0.0006338474426248077
2018-05-24,0.002850169904120608
2018-05-25,-0.0007401595160921264
2018-05-29,-0.0007174549457492303
2018-05-30,0.004127239530895721
2018-05-31,-0.003495986477881871
2018-06-01,0.0015395908244398896
2018-06-04,-0.0006308096075332161
2018-06-05,0.0013675915889263248
2018-06-06,0.001434152184549323
2018-06-07,0.0010490729996622662
2018-06-08,0.00021579200977157685
2018-06-11,0.0013170591031877485
2018-06-12,-0.0014934084857621914
2018-06-13,-0.00019916240690879544
2018-06-14,0.0026305557939176154
2018-06-15,-0.004252514742089436
2018-06-18,-0.0024323521144849446
2018-06-19,-0.0017390675876822299
2018-06-20,-0.002517056226621259
2018-06-21,-0.0019129198353905307
2018-06-22,0.003122958828734364
2018-06-25,-0.005972251639182522
2018-06-26,0.0003503511985783107
2018-06-27,-0.002441376925701092
2018-06-28,0.0013942597652369718
2018-06-29,0.0018247953740980023
2018-07-02,-0.003949816364570794
2018-07-03,0.0033012246517910787
2018-07-05,0.005118836591788214
2018-07-06,0.0032730513292882134
2018-07-09,0.0027037331088837426
2018-07-10,7.31905562480887e-05
2018-07-11,-0.006051260748374932
2018-07-12,0.004316930027396111
2018-07-13,0.0006069613523264424
2018-07-16,-0.0013728209786694947
2018-07-17,-0.0014018199516573754
2018-07-18,-0.0004139933956346869
2018-07-19,-0.00046305836269303394
2018-07-20,-0.0007952018412391491
2018-07-23,-0.0037505617923856514
2018-07-24,0.003149755361257984
2018-07-25,0.004118271191520932
2018-07-26,-0.003552976858537235
2018-07-27,-0.0003301386948653224
2018-07-30,-0.0023888569155383543
2018-07-31,0.0031178456418692953
2018-08-01,-0.0045753669708254625
2018-08-02,-0.001012875190386874
2018-08-03,0.0032197930690880923
2018-08-06,-0.0008770788652396207
2018-08-07,0.001177051386102199
2018-08-08,0.0004783533519670763
2018-08-09,0.0008334156552049861
2018-08-10,-0.003560336205701857
2018-08-13,-0.004802453417667694
2018-08-14,0.0008165270610867556
2018-08-15,-0.00625710823820458
2018-08-16,0.002956406102729129
2018-08-17,0.004055470131208405
2018-08-20,0.004251169566806801
2018-08-21,0.0014056971452726151
2018-08-22,0.0021135351836201427
2018-08-23,-0.0034089944275995125
2018-08-24,0.0065131407432584935
2018-08-27,0.0035202991134069468
2018-08-28,-0.00323274469758078
2018-08-29,0.0033184546536947903
2018-08-30,-0.003173052598209896
2018-08-31,-0.0022956259408367253
2018-09-04,-0.004380405153441296
2018-09-05,-0.002329808732921778
2018-09-06,0.0002711585794563291
2018-09-07,-0.00506295605958069
2018-09-10,0.0023849333985684305
2018-09-11,-0.0008008057180740689
2018-09-12,0.003149888386335573
2018-09-13,0.0023318234514968445
2018-09-14,-0.00223365331723662
2018-09-17,9.428141868331056e-05
2018-09-18,0.00035959857166651267
2018-09-19,0.0001381599904150251
2018-09-20,0.005945681230709705
2018-09-21,-0.0013529952870863944
2018-09-24,-0.0023110171720916207
2018-09-25,0.0007660479345285955
2018-09-26,0.0003256420291805964
2018-09-27,-0.0013532218831340181
2018-09-28,-0.0011253059726577964
2018-10-01,-0.00088192587172323
2018-10-02,0.0027058458343991593
2018-10-03,-0.00541114560735493
2018-10-04,-0.005871875483674229
2018-10-05,-0.003927806073102042
2018-10-08,-0.00398808851391234
2018-10-09,0.0016452017953045692
2018-10-10,-0.01087023540904331
2018-10-11,0.0011635894925948807
2018-10-12,0.0018338247293161537
2018-10-15,-0.00045057626085707883
2018-10-16,0.007873669102998176
2018-10-17,-0.0026799730898223557
2018-10-18,-0.006036424040083841
2018-10-19,0.0005227551592995474
2018-10-22,-0.002528389145365517
2018-10-23,-0.0010356724354365807
2018-10-24,-0.00918407435755845
2018-10-25,0.004641750371489513
2018-10-26,-0.0025979513989553425
2018-10-29,-0.003041738675091139
2018-10-30,0.00331336708627501
2018-10-31,0.001344383266065102
2018-11-01,0.007865922049295166
2018-11-02,-0.004011150148158263
2018-11-05,0.0015759379351873279
2018-11-06,0.0014132038247379186
2018-11-07,0.007292920992626027
2018-11-08,-0.003113918107221492
2018-11-09,-0.003672119423781049
2018-11-12,-0.006966473633638127
2018-11-13,0.0005545365054322
2018-11-14,0.0005869209637566475
2018-11-15,0.00309164925480771
2018-11-16,0.003690383370448252
2018-11-19,-0.004447944737189992
2018-11-20,-0.0071729514246282825
2018-11-21,0.0038571257618296648
2018-11-23,-0.002615108121598763
2018-11-26,0.005413789427627944
2018-11-27,-0.0010491992397317251
2018-11-28,0.007648586013643681
2018-11-29,8.35035182890333e-05
2018-11-30,0.0008151924928276857
2018-12-03,0.008332217065834185
2018-12-04,-0.006310022263055265
2018-12-06,-0.0012227535111984061
2018-12-07,-0.004415018366057993
2018-12-10,-0.0010423934643607584
2018-12-11,0.0004732087147185192
2018-12-12,0.0034245521754062156
2018-12-13,-0.0012827700813457475
2018-12-14,-0.006338472529028759
2018-12-17,-0.002785262115249943
2018-12-18,0.0023423031097960525
2018-12-19,-0.003504602252739594
2018-12-20,-0.001936710585666144
2018-12-21,-0.008497876569147076
2018-12-24,-0.004529126200841965
2018-12-26,0.011570029437023005
2018-12-27,0.004309750838316041
2018-12-28,0.004032095741309551
2018-12-31,0.003682365224994768
2019-01-02,0.001083336813192445
2019-01-03,-0.0016675131996367605
2019-01-04,0.008161723157400722
2019-01-07,0.002030871075063249
2019-01-08,0.0020206481162728597
2019-01-09,0.004301336960820063
2019-01-10,-0.001070362230498732
2019-01-11,-5.1742959912503366e-05
2019-01-14,-0.0025717070277372417
2019-01-15,0.0023555923696367644
2019-01-16,0.002006650277751129
2019-01-17,0.001847083673857063
2019-01-18,0.0017218538744385437
2019-01-22,-0.0035263247173166986
2019-01-23,0.0010572656964627136
2019-01-24,0.0017624455991367912
2019-01-25,0.0058332077386464365
2019-01-28,-0.0022551292904673206
2019-01-29,0.002859001320495988
2019-01-30,0.0067807432966617695
2019-01-31,0.004167708150284984
2019-02-01,-0.0019192151221688943
2019-02-04,0.0002316052608363534
2019-02-05,0.004297258436643576
2019-02-06,-0.0026248293963320184
2019-02-07,-0.00272817168277784
2019-02-08,0.0016748153427233604
2019-02-11,-0.002062695472038494
2019-02-12,0.004850174666314106
2019-02-13,-0.0012681010583883818
2019-02-14,0.0021753438701569154
2019-02-15,0.00673836800350673
2019-02-19,0.004753334103617058
2019-02-20,0.0001246426363815991
2019-02-21,-0.005644555358181665
2019-02-22,0.004263025904300379
2019-02-25,3.359673442110285e-05
2019-02-26,0.0023619791981423777
2019-02-27,-0.005029750676616217
2019-02-28,-0.002909540510714806
2019-03-01,-0.003117062297201133
2019-03-04,-0.00022459001152408696
2019-03-05,0.0007651983020299259
2019-03-06,-0.0009226035918824808
2019-03-07,-0.0024695056860359887
2019-03-08,0.0029163416855760202
2019-03-11,0.0030945642973096705
2019-03-12,0.003565092422024936
2019-03-13,0.004002305372971714
2019-03-14,-0.004160650620994801
2019-03-15,0.0058675918323671545
2019-03-18,0.0013819293985174576
2019-03-19,0.00045595609162487775
2019-03-20,0.0035785907080322686
2019-03-21,0.001834741237507994
2019-03-22,-0.0030747815207309613
2019-03-25,0.002318955278570143
2019-03-26,0.0013370653566455266
2019-03-27,0.0003798947395578357
2019-03-28,-0.0018318370366806756
2019-03-29,0.002093916790152009
2019-04-01,0.00032039552158273703
2019-04-02,0.001460284877245909
2019-04-03,-0.0004720841552329898
2019-04-04,0.0012787002443201824
2019-04-05,0.0016695081870658109
2019-04-08,0.00036130397177073527
2019-04-09,-0.0005437461393122353
2019-04-10,0.0029331281806278925
2019-04-11,-0.00444328118190859
2019-04-12,0.0007379698682808762
2019-04-15,4.6253811122626645e-05
2019-04-16,-0.0031077414121265033
2019-04-17,-0.00023502850056652175
2019-04-18,0.0017104876989288763
2019-04-22,-0.0013359731425628284
2019-04-23,0.0024743688946418964
2019-04-24,0.0009021645673993849
2019-04-25,-0.000369261692669356
2019-04-26,0.004137788051371425
2019-04-29,-0.001451702094918058
2019-04-30,0.002009464619280613
2019-05-01,-0.002967717775684211
2019-05-02,-0.0028601702388847384
2019-05-03,0.006107042398179008
2019-05-06,-0.001989664299015703
2019-05-07,-0.004320125214684628
2019-05-08,-0.0015446219435372567
2019-05-09,-0.00012418857305636927
2019-05-10,0.0025555656048946427
2019-05-13,-0.005631320535684184
2019-05-14,0.002972149823633134
2019-05-15,0.0033544219956032095
2019-05-16,0.001098373467279803
2019-05-17,-0.0034510254677373054
2019-05-20,-0.002874571983050463
2019-05-21,0.002224486199944485
2019-05-22,-6.984770632526731e-05
2019-05-23,0.00021818399411539295
2019-05-24,0.0029561479349979295
2019-05-28,-0.002785956339546731
2019-05-29,-0.0019285671131257336
2019-05-30,0.004902395752970605
2019-05-31,0.0016364362073707569
2019-06-03,0.005256707709919624
2019-06-04,0.004285393313032381
2019-06-05,0.0009019693783413068
2019-06-06,0.003363775939564342
2019-06-07,0.007918614694312858
2019-06-10,-0.002914045857816659
2019-06-11,0.0008127906410792924
2019-06-12,-0.00041441472352908267
2019-06-13,0.0034157281302517944
2019-06-14,-0.001378199763692777
2019-06-17,0.0004939204797265749
2019-06-18,0.007188126158086319
2019-06-19,0.003942100876214267
2019-06-20,0.009476577290109107
2019-06-21,-0.0024823190578838706
2019-06-24,0.004979527249815883
2019-06-25,-0.0021268872854788338
2019-06-26,-0.0035163223392999663
2019-06-27,0.0029602910897857464
2019-06-28,0.002551434644013969
2019-07-01,-0.0015501720317563342
2019-07-02,0.007305011763144257
2019-07-03,0.004960718020142641
2019-07-05,-0.0075383599592553216
2019-07-08,-0.0032765838522391755
2019-07-09,-3.0526656928623254e-05
2019-07-10,0.0038257342510406456
2019-07-11,-0.004768155790236672
2019-07-12,0.002920411232321022
2019-07-15,0.0016724216963272362
2019-07-16,-0.003984033427917464
2019-07-17,0.004340882338299469
2019-07-18,0.004494621243304421
2019-07-19,-0.005312602010800593
2019-07-22,0.0012982681584964518
2019-07-23,0.00020500144418600762
2019-07-24,0.00324210657644361
2019-07-25,-0.005696148192802546
2019-07-26,0.002663226200489171
2019-07-29,0.0015485934381303244
2019-07-30,-0.0016633886360864574
2019-07-31,-0.004526913588372076
2019-08-01,0.008075194375042886
2019-08-02,-0.0020809116369958263
2019-08-05,-0.0037700140680930216
2019-08-06,0.0076569772916878255
2019-08-07,0.003899080603047973
2019-08-08,0.007449382109356107
2019-08-09,-0.004119897418975295
2019-08-12,0.0028986766679897718
2019-08-13,0.0028248093039797864
2019-08-14,-0.00503026576561577
2019-08-15,0.005771327446524241
2019-08-16,0.0022929894697550704
2019-08-19,-0.002050400273344362
2019-08-20,0.001952772701062716
2019-08-21,0.0009596733646605193
2019-08-22,-0.0028245943140679493
2019-08-23,0.0003972984334504856
2019-08-26,0.002990594463175623
2019-08-27,0.0046715256414877225
2019-08-28,0.001100477944270895
2019-08-29,0.002015940154479633
2019-08-30,0.0004283789765708629
2019-09-03,0.0015034001505059757
2019-09-04,0.006838439451544058
2019-09-05,-0.005589707691890902
2019-09-06,0.0007287806634713951
2019-09-09,-0.004514672182831971
2019-09-10,-0.0059288429313003954
2019-09-11,0.003436169651951145
2019-09-12,0.0005344313204259696
2019-09-13,-0.0060599811445125025
2019-09-16,0.0023050560192401657
2019-09-17,0.0029973911669971516
2019-09-18,-0.00029778245977947287
2019-09-19,0.002322445733634067
2019-09-20,0.0041992458508674
2019-09-23,0.0007848025245030309
2019-09-24,0.0015944022308993268
2019-09-25,-0.006847465321071679
2019-09-26,0.0019096963104057426
2019-09-27,-0.002088995926759112
2019-09-30,-0.0008352869072226759
2019-10-01,-0.0023121805120209
2019-10-02,-0.00466207143346323
2019-10-03,0.006402943888967127
2019-10-04,0.006120248840970717
2019-10-07,-0.00502786148731691
2019-10-08,-0.002623388159168938
2019-10-09,0.0022583673401531446
2019-10-10,-0.0026475321559126957
2019-10-11,0.0014196025330644772
2019-10-14,0.0015807643295709317
2019-10-15,-0.00020407787791787492
2019-10-16,0.0017328377717077557
2019-10-17,0.000769162597663133
2019-10-18,-0.0009847026492214542
2019-10-21,-0.0005261109765941483
2019-10-22,0.0008737535271013404
2019-10-23,0.0025014040038696533
2019-10-24,0.0017591480429511293
2019-10-25,0.000248252101751274
2019-10-28,-0.0019097085116921556
2019-10-29,-0.0005943090129785417
2019-10-30,0.006111420353046957
2019-10-31,0.004351591592492209
2019-11-01,0.003298790120917625
2019-11-04,-0.0018792662355882337
2019-11-05,-0.0068901470766747725
2019-11-06,0.0023870626035485754
2019-11-07,-0.006366739524581971
2019-11-08,-0.0018527286715492274
2019-11-11,-0.0009624262757121759
2019-11-12,0.002153911422873177
2019-11-13,0.0018358854367957543
2019-11-14,0.0031816241323509857
2019-11-15,0.0019268281010348179
2019-11-18,0.0016882697999972068
2019-11-19,0.0015476153142627259
2019-11-20,0.0006852595401823425
2019-11-21,-0.0032090071754044256
2019-11-22,0.0009893142261592678
2019-11-25,0.002926619349275461
2019-11-26,0.002697645444415149
2019-11-27,-0.0004198956752070325
2019-11-29,-0.0015987776106403417
2019-12-02,-0.005659430307349765
2019-12-03,0.004863129448168106
2019-12-04,0.0005086152328498827
2019-12-05,-0.0010994703956299504
2019-12-06,0.00022434223207255455
2019-12-09,-0.0011753745000217654
2019-12-10,0.0004107399870068231
2019-12-11,0.00504368264308452
2019-12-12,-0.0017515701751396428
2019-12-13,0.005458680178106118
2019-12-16,0.0013294949619901697
2019-12-17,-0.001410322867090892
2019-12-18,-0.002267823695507129
2019-12-19,0.001882987519775612
2019-12-20,0.0016612202013033218
2019-12-23,0.0006951104129730181
2019-12-24,0.0025022871745172676
2019-12-26,0.00411323093632199
2019-12-27,0.0007599724186434522
2019-12-30,-0.0029030526662175084
2019-12-31,-0.0006008845696925973
2020-01-02,0.008035136006218928
2020-01-03,0.0023747906915504613
2020-01-06,0.002329129200626178
2020-01-07,-0.0015076708420497394
2020-01-08,-0.0014454199773629895
2020-01-09,0.0016257616115800094
2020-01-10,0.0019994137553892934
2020-01-13,0.00014542718451925605
2020-01-14,0.0009621390403686543
2020-01-15,0.003234150435230804
2020-01-16,0.0015563314723568296
2020-01-17,-0.0002940969088734962
2020-01-21,0.0008808228545740081
2020-01-22,0.001329256106798996
2020-01-23,0.0018237655129729735
2020-01-24,0.00047273076297693774
2020-01-27,-0.002234163495724472
2020-01-28,0.0005205464464619805
2020-01-29,0.003319288536797269
2020-01-30,0.0005102168689171984
2020-01-31,-0.003393416824588325
2020-02-03,0.0004024982735879234
2020-02-04,0.0004636627616108056
2020-02-05,0.0019398843485775995
2020-02-06,0.003323834475369255
2020-02-07,0.0006913613340673446
2020-02-10,0.0031315139001172367
2020-02-11,-0.00021682954142921373
2020-02-12,0.0005892044354402674
2020-02-13,0.0004488614424000666
2020-02-14,0.0019090304676767256
2020-02-18,0.002373612768206585
2020-02-19,0.0027284032932736817
2020-02-20,0.000864476655768555
2020-02-21,0.0022656044546017573
2020-02-24,-0.00930399943502045
2020-02-25,-0.011534052645927922
2020-02-26,-0.0010292325643311995
2020-02-27,-0.012620567893894548
2020-02-28,-0.003736195749588989
2020-03-02,0.011000671073760793
2020-03-03,0.003613580106888629
2020-03-04,0.01226728777429693
2020-03-05,-0.0020965096811806014
2020-03-06,0.005586245286222042
2020-03-09,-0.02578000525885262
2020-03-10,0.0009056274587402591
2020-03-11,-0.03152540330263862
2020-03-12,-0.05769711400907645
2020-03-13,0.0230429744287377
2020-03-16,-0.030571711530437487
2020-03-17,0.007010587077416692
2020-03-18,-0.046329571488768935
2020-03-19,0.009371462902614496
2020-03-20,0.00879131223756575
2020-03-23,0.013255641180398828
2020-03-24,0.0427273966389026
2020-03-25,0.007887586007235561
2020-03-26,0.024816270296610318
2020-03-27,-0.006967472519571381
2020-03-30,0.009891514566069997
2020-03-31,-0.013330328074857222
2020-04-01,-0.013960343975229406
2020-04-02,0.013347587354913128
2020-04-03,-0.0059393846902093305
2020-04-06,0.02975980835673788
2020-04-07,-0.0016635951139409469
2020-04-08,0.005359694061182882
2020-04-09,0.015451179999841882
2020-04-13,-0.003188676884103337
2020-04-14,0.011231444639578468
2020-04-15,-0.005517101615223335
2020-04-16,0.003469527245819633
2020-04-17,0.004012738157081301
2020-04-20,-0.0038450092963706797
2020-04-21,-0.008791627875678661
2020-04-22,0.009624134194938532
2020-04-23,0.0028666490640325776
2020-04-24,0.004709034387563014
2020-04-27,-0.0004359405860223543
2020-04-28,0.0027714929252696872
2020-04-29,0.010310173090732976
2020-04-30,-0.01237670253014004
2020-05-01,-0.006866104788317292
2020-05-04,0.0004902359696914796
2020-05-05,0.001615868327149365
2020-05-06,-0.009290512993640063
2020-05-07,0.012333820066516527
2020-05-08,0.002407187697906805
2020-05-11,-0.003561333906274933
2020-05-12,-0.00321844009381079
2020-05-13,-0.001430282652312526
2020-05-14,0.00483966500528533
2020-05-15,0.00181500881677335
2020-05-18,0.007972548419031385
2020-05-19,-0.0017425321122224893
2020-05-20,0.008978034417486312
2020-05-21,-0.006035870306003201
2020-05-22,0.00237594398004029
2020-05-26,0.0024432054505336776
2020-05-27,0.005607295806542931
2020-05-28,0.0012918371431593452
2020-05-29,0.003617587200402145
2020-06-01,0.004782779853477009
2020-06-02,0.0016605815884642712
2020-06-03,0.00057450855068743
2020-06-04,-0.0027573129791531852
2020-06-05,0.0031915872523057207
2020-06-08,0.008147963478918307
2020-06-09,0.0004378314049699788
2020-06-10,0.00495122547763092
2020-06-11,-0.020448899360540722
2020-06-12,0.004411623531509002
2020-06-15,0.003057186031388163
2020-06-16,0.0028246431860253804
2020-06-17,0.0008686061399126218
2020-06-18,0.0010387057741919543
2020-06-19,0.0002773899753107459
2020-06-22,0.004972252711045249
2020-06-23,0.0022874404413983805
2020-06-24,-0.008859835968773997
2020-06-25,0.005635459788623887
2020-06-26,-0.0043256567796791795
2020-06-29,0.004178267903238654
2020-06-30,0.002389703929166141
2020-07-01,0.0009461808458663681
2020-07-02,0.004071643430104867
2020-07-06,0.0067123486487353405
2020-07-07,-0.0006269880831019321
2020-07-08,0.0035356447065713254
2020-07-09,-0.00012816238225920088
2020-07-10,0.002385341196304791
2020-07-13,-0.0022025830155253494
2020-07-14,0.007131262405328205
2020-07-15,0.003288375186849858
2020-07-16,-0.002681414173781305
2020-07-17,0.00312716165732211
2020-07-20,0.004306247846158052
2020-07-21,0.0034648228681812094
2020-07-22,0.005461450936399918
2020-07-23,0.00035466570479756704
2020-07-24,-0.0007578949410618659
2020-07-27,0.007131487628190277
2020-07-28,0.0006672288236362314
2020-07-29,0.005902335869901782
2020-07-30,-0.003700875029883348
2020-07-31,-0.000813117505176669
2020-08-03,0.004448238303679803
2020-08-04,0.008458910388154809
2020-08-05,0.0016290086815217415
2020-08-06,0.005604047533278686
2020-08-07,-0.005469060046981123
2020-08-10,-0.0004731325137662398
2020-08-11,-0.014670790007555815
2020-08-12,0.004008444068258706
2020-08-13,0.0006168301053895161
2020-08-14,-0.003060619852005155
2020-08-17,0.007244306581687855
2020-08-18,0.0038079433651983605
2020-08-19,-0.009650794752335995
2020-08-20,0.003525254969073001
2020-08-21,-0.0005064167224735866
2020-08-24,0.003125528361920676
2020-08-25,-0.000888629038351764
2020-08-26,0.004758208866051329
2020-08-27,-0.008078703797407822
2020-08-28,0.006293263606931365
2020-08-31,1.7035985081773828e-05
2020-09-01,0.0050121475251700956
2020-09-02,0.00525729374053412
2020-09-03,-0.012523955168439262
2020-09-04,-0.005576771259270616
2020-09-08,-0.006904055245509649
2020-09-09,0.009026382701235843
2020-09-10,-0.005464870078252705
2020-09-11,0.0027932763373618216
2020-09-14,0.005249144057608197
2020-09-15,0.0013695584032392292
2020-09-16,-0.0009385376685665535
2020-09-17,-0.0019105201652124804
2020-09-18,-0.0045473658599911
2020-09-21,-0.010258667118764475
2020-09-22,0.000983250549441886
2020-09-23,-0.01083826343442965
2020-09-24,0.0018851821559860928
2020-09-25,0.003362841905728943
2020-09-28,0.007942524688308738
2020-09-29,0.0005917884050451598
2020-09-30,-0.002873289019707691
2020-10-01,0.004807397859006374
2020-10-02,-0.0034013815753742268
2020-10-05,0.002949222721521423
2020-10-06,-0.006044051519758343
2020-10-07,0.0034549372822870617
2020-10-08,0.005193389207373435
2020-10-09,0.006966364556528858
2020-10-12,0.004825791710958916
2020-10-13,-0.0051954255683100475
2020-10-14,-0.00039164402675705113
2020-10-15,-0.0023878559672379945
2020-10-16,-0.0005891177512164596
2020-10-19,-0.004666905504265658
2020-10-20,0.0006725928535145486
2020-10-21,-0.0007405940043644556
2020-10-22,-0.003148010807279363
2020-10-23,0.0032780639469628526
2020-10-26,-0.005266046313413109
2020-10-27,9.974995055913036e-05
2020-10-28,-0.01631965509163849
2020-10-29,-7.669111387936269e-05
2020-10-30,-0.0049036047308726495
2020-11-02,0.008697754913302358
2020-11-03,0.008622410158526456
2020-11-04,0.012180453782343345
2020-11-05,0.013756859717350203
2020-11-06,-0.0021766436940397864
2020-11-09,-0.005684461782678023
2020-11-10,0.0007174397974110009
2020-11-11,0.003066425232847882
2020-11-12,0.0006888242789971101
2020-11-13,0.006899875702125902
2020-11-16,0.003984370591106876
2020-11-17,-0.00021677341398204091
2020-11-18,-0.003920482241690351
2020-11-19,0.003265517842489306
2020-11-20,0.001840570440401962
2020-11-23,-0.003987259751069616
2020-11-24,0.0009015441271154088
2020-11-25,-0.0013608244465401192
2020-11-27,0.0021944397505091
2020-11-30,-0.006584374489425822
2020-12-01,0.007506769790240986
2020-12-02,0.00014645957027030837
2020-12-03,0.0037949232614485785
2020-12-04,-0.0006256366428978524
2020-12-07,0.0030908677234476826
2020-12-08,0.002928251323919255
2020-12-09,-0.005884498936475248
2020-12-10,0.0020629077901663196
2020-12-11,0.00043704078457641824
2020-12-14,-0.0025696380982257534
2020-12-15,0.007027814354360027
2020-12-16,0.0015667892849531172
2020-12-17,0.00405188659534201
2020-12-18,-0.0028863311123999706
2020-12-21,-0.0030222374411323586
2020-12-22,-0.0011567746793713597
2020-12-23,0.002121900393566401
2020-12-24,0.002653936811925724
2020-12-28,0.0027634824130506204
2020-12-29,0.001374770899144197
2020-12-30,0.002620794571189702
2020-12-31,0.000740191374038746
2021-01-04,0.0022842668612894756
2021-01-05,0.0022890935085911088
2021-01-06,-0.004841875385260065
2021-01-07,0.0007670645950249445
2021-01-08,-0.004746625531899491
2021-01-11,-0.004981236298927073
2021-01-12,0.0022316679569917945
2021-01-13,0.002254256798046038
2021-01-14,-0.0014461980921891663
2021-01-15,-0.006049723216779151
2021-01-19,0.0056297130313864895
2021-01-20,0.007520749305633675
2021-01-21,-0.001473616620200238
2021-01-22,-0.0025975763683889082
2021-01-25,0.0036078686203979506
2021-01-26,-0.000946927159185751
2021-01-27,-0.010222534072581186
2021-01-28,0.001900783595805294
2021-01-29,-0.009696465566921749
2021-02-01,0.00793114833756424
2021-02-02,0.0008647508919667397
2021-02-03,-0.0016309741221177715
2021-02-04,-0.002474814491118217
2021-02-05,0.0020799083647453456
2021-02-08,0.005947924599309539
2021-02-09,0.0018133960404851243
2021-02-10,0.0014842420661202462
2021-02-11,-0.001395323310149678
2021-02-12,-0.00142877986194114
2021-02-16,-0.005622473445202525
2021-02-17,-0.0017319599347649921
2021-02-18,-0.002776852108485798
2021-02-19,-0.00223948301398518
2021-02-22,-0.001221314284936702
2021-02-23,-0.0005478873341489009
2021-02-24,0.0013185571390431222
2021-02-25,-0.017215115411508608
2021-02-26,-0.0005211476377295922
2021-03-01,0.005529038084746721
2021-03-02,-0.0006208688309328889
2021-03-03,-0.009004785480621306
2021-03-04,-0.008227265439880772
2021-03-05,0.005322712065353734
2021-03-08,-0.006112531994752141
2021-03-09,0.013181316516117222
2021-03-10,0.003831240547932075
2021-03-11,0.0015336302386956004
2021-03-12,-0.004646931459483628
2021-03-15,0.003576237894284218
2021-03-16,-0.0005737133049404575
2021-03-17,0.0017440228683666167
2021-03-18,-0.008759017489825225
2021-03-19,0.0024274059506189482
2021-03-22,0.0040906623026057114
2021-03-23,-0.003391132227730581
2021-03-24,-0.00010052775441632422
2021-03-25,0.00020781305822190654
2021-03-26,0.00537590100513662
2021-03-29,-0.005328824761554803
2021-03-30,-0.0029899296593585323
2021-03-31,0.0018785460776819462
2021-04-01,0.011183263886917778
2021-04-05,0.004439124465580446
2021-04-06,0.0014249200819809878
2021-04-07,-0.0016064139831876744
2021-04-08,0.00638421913823122
2021-04-09,-0.00040430856664668295
2021-04-12,-0.002368052778815365
2021-04-13,0.0051854323757240615
2021-04-14,-0.002153135787624354
2021-04-15,0.011116265361493193
2021-04-16,0.00128224274231479
2021-04-19,-0.002626603347844024
2021-04-20,-0.003112330138883137
2021-04-21,0.006491944111390528
2021-04-22,-0.0028732904788641754
2021-04-23,0.0029008074346539717
2021-04-26,0.0006538885317457301
2021-04-27,-0.003462250726836725
2021-04-28,0.0012363479372504466
2021-04-29,-0.0001120426426523728
2021-04-30,-0.003832596847834691
2021-05-03,0.005483918590386507
2021-05-04,-0.0040526999434408635
2021-05-05,0.004068669285605469
2021-05-06,0.006951897428336721
2021-05-07,0.004442418918360335
2021-05-10,-0.004772976989071531
2021-05-11,-0.0059314264562528715
2021-05-12,-0.01232660805669114
2021-05-13,0.005443952481563248
2021-05-14,0.010512486401893987
2021-05-17,0.0008718754082862372
2021-05-18,-0.0016685615173444043
2021-05-19,-0.0029187136306997345
2021-05-20,0.0079826953453907
2021-05-21,0.000942719147894044
2021-05-24,0.004518211273737531
2021-05-25,0.003778765179213577
2021-05-26,-0.0005226056038538292
2021-05-27,-0.0005088736596135664
2021-05-28,0.0012962851979595295
2021-06-01,-0.0001135864175895397
2021-06-02,0.002702427240799571
2021-06-03,-0.006905396932089128
2021-06-04,0.009193045869128405
2021-06-07,0.0005385356783104452
2021-06-08,0.0010859675641490289
2021-06-09,0.0009310426638882065
2021-06-10,0.003942588527471327
2021-06-11,-0.0018420588172057177
2021-06-14,-0.0023620697294222067
2021-06-15,-0.0010827629211429377
2021-06-16,-0.006541010087587591
2021-06-17,-0.003992698090066489
2021-06-18,-0.00361120369902724
2021-06-21,0.003996240024296303
2021-06-22,0.0009447186688549595
2021-06-23,-0.002251427491757644
2021-06-24,0.0033316031201489106
2021-06-25,-0.0006484860505674004
2021-06-28,0.0017588391680284968
2021-06-29,-0.0015251481825772322
2021-06-30,0.0006482571305818425
2021-07-01,0.002195851192118346
2021-07-02,0.005143791682093396
2021-07-06,0.0022883532868376868
2021-07-07,0.004647553454951076
2021-07-08,-0.003294639702143279
2021-07-09,0.002703553073529829
2021-07-12,0.0009498377740104729
2021-07-13,-0.00343683114305406
2021-07-14,0.0058103061264635075
2021-07-15,0.00012153095312140264
2021-07-16,-0.005531778278697018
2021-07-19,-0.0009424539228818447
2021-07-20,0.001904384733262718
2021-07-21,0.0007971934045452593
2021-07-22,0.003243583118904881
2021-07-23,0.0012932758863157658
2021-07-26,-0.00045219258475740284
2021-07-27,0.0012367280644632282
2021-07-28,0.001961438491658682
2021-07-29,0.003029983138086919
2021-07-30,-0.0023682352067941775
2021-08-02,0.002557813404771864
2021-08-03,0.00307117691392341
2021-08-04,-0.0011125020713793458
2021-08-05,-3.495090152315811e-05
2021-08-06,-0.009679056758065449
2021-08-09,-0.004930662611207574
2021-08-10,-0.00042168209311825046
2021-08-11,0.004662485918269706
2021-08-12,0.00014899205353578336
2021-08-13,0.008323522249953426
2021-08-16,0.0010316518978328165
2021-08-17,-0.003737045773539218
2021-08-18,-0.0020809548033650194
2021-08-19,-0.0004627974558393186
2021-08-20,0.0026205929453598903
2021-08-23,0.005919291368405938
2021-08-24,-0.001203439891819632
2021-08-25,-0.0029890671212757145
2021-08-26,-0.001415891982092498
2021-08-27,0.00848371722991623
2021-08-30,0.0006270274029001406
2021-08-31,-0.0016943661068875803
2021-09-01,0.0024301056578325273
2021-09-02,0.0019559847414378157
2021-09-03,0.0008038207252221474
2021-09-07,-0.0067550647182258545
2021-09-08,-0.000586508962335017
2021-09-09,0.0026997738103934805
2021-09-10,-0.00517291532005897
2021-09-13,0.004179116356029313
2021-09-14,0.0022889342263786925
2021-09-15,0.00019553093233205877
2021-09-16,-0.006473120381691749
2021-09-17,-0.006052574576074005
2021-09-20,-0.002683538205269347
2021-09-21,0.003022728668599378
2021-09-22,0.003441605155858354
2021-09-23,-0.0032289325144006097
2021-09-24,-0.004108388614054882
2021-09-27,-0.0012879057770777132
2021-09-28,-0.01435272388352752
2021-09-29,-0.0005582759422284438
2021-09-30,0.0002077093135237894
2021-10-01,0.0056091541126424595
2021-10-04,-0.004279356072021099
2021-10-05,-1.9379438947575687e-05
2021-10-06,0.0013037966782991502
2021-10-07,-0.00043262268340801206
2021-10-08,-0.0021565598783939805
2021-10-11,-0.0033030303485779757
2021-10-12,0.004751295124310425
2021-10-13,0.008544338614140437
2021-10-14,0.006938053469352839
2021-10-15,-0.0016100941923221006
2021-10-18,6.178435314194013e-05
2021-10-19,6.933482174579104e-05
2021-10-20,0.0017370149277584376
2021-10-21,-0.0012944518653176106
2021-10-22,0.004799273324551691
2021-10-25,0.0019081301555711264
2021-10-26,0.0011304971417765404
2021-10-27,0.0031596754570268662
2021-10-28,0.0030150903748889413
2021-10-29,-0.0019497639253947172
2021-11-01,0.0018399787364043743
2021-11-02,0.0012161955690235097
2021-11-03,-0.0012988278098653905
2021-11-04,0.005831580608557822
2021-11-05,0.007335030100379982
2021-11-08,0.00019578071162709964
2021-11-09,0.0030008062215753314
2021-11-10,-0.006896722689688137
2021-11-11,0.0012408083649018708
2021-11-12,0.002037599826132797
2021-11-15,-0.003838585054861461
2021-11-16,-0.0017072236894482764
2021-11-17,0.003152972253519368
2021-11-18,0.0011748530084284637
2021-11-19,-0.0011113476393127405
2021-11-22,-0.009534991763350575
2021-11-23,-0.005366698326111043
2021-11-24,0.002638611228246622
2021-11-26,-0.0035776566630563588
2021-11-29,0.0016475376550574166
2021-11-30,-0.0035622331904670013
2021-12-01,-0.0013768575134163463
2021-12-02,0.004634731740297464
2021-12-03,0.0022725012244579346
2021-12-06,0.00037636008630043187
2021-12-07,0.007083176993954224
2021-12-08,-0.0029375489591122257
2021-12-09,-0.00311220796218169
2021-12-10,0.002749055042047971
2021-12-13,0.000512589689592274
2021-12-14,-0.005168416894736962
2021-12-15,0.004608148570062899
2021-12-16,0.0009905786409328478
2021-12-17,-0.002520467006776578
2021-12-20,-0.005262037326235946
2021-12-21,0.004758130615564754
2021-12-22,0.006839471843145118
2021-12-23,0.0008814786131812938
2021-12-27,0.005454422604089587
2021-12-28,-0.0018181951582986852
2021-12-29,-0.0026772772769913643
2021-12-30,0.0024594951528823976
2021-12-31,0.0009620059868485163
2022-01-03,-0.007195964419314673
2022-01-04,0.0016771823132580028
2022-01-05,-0.007925066097715759
2022-01-06,-0.003432235436396525
2022-01-07,-0.0012205402202171806
2022-01-10,-0.0011931913827434833
2022-01-11,0.008017342424558803
2022-01-12,0.0023092695252719423
2022-01-13,-0.0027651176479703823
2022-01-14,-0.004868064792779003
2022-01-18,-0.010859222776309149
2022-01-19,0.00270657765130576
2022-01-20,-0.002339623981461758
2022-01-21,-0.004135437419243031
2022-01-24,-0.0019344178698553866
2022-01-25,-0.003531706656324411
2022-01-26,-0.008032101547553516
2022-01-27,-0.000191573935466818
2022-01-28,0.005176705302060717
2022-01-31,0.006685550142263558
2022-02-01,0.002633940828956306
2022-02-02,0.005001273452747536
2022-02-03,-0.010518851290163592
2022-02-04,-0.0024869633622618724
2022-02-07,0.0014723451136802745
2022-02-08,0.0013021870966216603
2022-02-09,0.007328082921546948
2022-02-10,-0.0119147585730477
2022-02-11,0.0010847699232774542
2022-02-14,-0.004537848623226717
2022-02-15,0.0023794279613624475
2022-02-16,0.0044666020924595306
2022-02-17,-0.002841417666099159
2022-02-18,0.000252900769811459
2022-02-22,-0.0038132446143712946
2022-02-23,-0.008019923717722224
2022-02-24,-0.0004012372311222617
2022-02-25,0.00900702330843457
2022-02-28,0.003585507298498244
2022-03-01,-0.0002983092399103534
2022-03-02,-0.005145125802743993
2022-03-03,-0.0010443126232800631
2022-03-04,2.654729826316209e-05
2022-03-07,-0.012035326332181366
2022-03-08,0.0029704359536902136
2022-03-09,0.005358582006217842
2022-03-10,-0.006672805371350954
2022-03-11,-0.005501182589457084
2022-03-14,-0.009289781394134992
2022-03-15,0.002646475080051117
2022-03-16,0.014900642457948629
2022-03-17,0.003944292687739268
2022-03-18,0.005269409309344961
2022-03-21,-0.006321568416784439
2022-03-22,-0.0003495057083236376
2022-03-23,0.002765345778046496
2022-03-24,0.004263280497176718
2022-03-25,-0.004068394642677781
2022-03-28,-0.0007122146368054767
2022-03-29,0.00945914977540579
2022-03-30,0.0016398966101857117
2022-03-31,-0.005934859995474939
2022-04-01,0.0015605066236434066
2022-04-04,0.002249022897876307
2022-04-05,-0.013058554252786878
2022-04-06,-0.006097012727301278
2022-04-07,0.00026322604544009345
2022-04-08,-0.002325165318746384
2022-04-11,-0.008647626581464367
2022-04-12,-0.0003372316780003153
2022-04-13,0.006156592862743035
2022-04-14,-0.009680133084859262
2022-04-18,-0.0021238383660592635
2022-04-19,-0.0015935160721859683
2022-04-20,0.007305685089628674
2022-04-21,-0.008446508927207764
2022-04-22,-0.01219653207087231
2022-04-25,-0.00012566192992752472
2022-04-26,-0.008407550748205714
2022-04-27,-0.0034635238006053503
2022-04-28,0.009103044708344258
2022-04-29,-0.013585948557882817
2022-05-02,-0.007530144591876558
2022-05-03,0.004673283091664757
2022-05-04,0.013834987846545141
2022-05-05,-0.02192468434697315
2022-05-06,-0.006680685387039682
2022-05-09,-0.012721285178466083
2022-05-10,0.0027445808136983894
2022-05-11,0.001819774652580702
2022-05-12,-0.003721921187344047
2022-05-13,0.004828714121354649
2022-05-16,0.00161206588817531
2022-05-17,0.0029632664719412257
2022-05-18,-0.007550400989286081
2022-05-19,0.004497578954138857
2022-05-20,0.00441976125464526
2022-05-23,0.004158397836646891
2022-05-24,0.005212635584478648
2022-05-25,0.0021385109332631735
2022-05-26,0.0047443480811446255
2022-05-27,0.008314273037911005
2022-05-31,-0.009829948577057102
2022-06-01,-0.003571329754091067
2022-06-02,0.01071598576491369
2022-06-03,-0.008924338461277973
2022-06-06,-0.004455567959200225
2022-06-07,0.0067595015774965135
2022-06-08,-0.007786120076587178
2022-06-09,-0.009131472241432575
2022-06-10,-0.010860581209562018
2022-06-13,-0.02959618143801605
2022-06-14,-0.007723482176932831
2022-06-15,0.015057684125945455
2022-06-16,-0.006681220530129735
2022-06-17,-0.001308775667760003
2022-06-21,0.0029859105514866233
2022-06-22,0.006211225286590292
2022-06-23,0.003121119835344551
2022-06-24,0.008878493842681285
2022-06-27,-0.0044264546128352875
2022-06-28,-0.005006773581495296
2022-06-29,0.003452353840679134
2022-06-30,-0.0012118443035939968
2022-07-01,0.006068460877089068
2022-07-05,-0.006243323076889052
2022-07-06,-0.007010364547864605
2022-07-07,0.0038583694771148445
2022-07-08,-0.002773444085597616
2022-07-11,-0.002198179352310093
2022-07-12,-0.0011585052981954143
2022-07-13,0.0029436521856851115
2022-07-14,-0.008515760810694939
2022-07-15,0.008432326010800918
2022-07-18,-0.0033872227902106192
2022-07-19,0.00995326646440609
2022-07-20,-0.0015394545929404162
2022-07-21,0.011965726762374819
2022-07-22,0.0030910188585391565
2022-07-25,-0.0014970820937944163
2022-07-26,-0.005321134016725405
2022-07-27,0.01151506921501342
2022-07-28,0.008972676285357403
2022-07-29,0.00572890065341762
2022-08-01,0.006295418432392942
2022-08-02,-0.012027898685666252
2022-08-03,0.008786873399663908
2022-08-04,0.004568747779990465
2022-08-05,-0.011125278684371458
2022-08-08,0.006101260899382905
2022-08-09,-0.002478811547966226
2022-08-10,0.007363527627797183
2022-08-11,-0.006335611717036354
2022-08-12,0.009680919426324491
2022-08-15,-0.0028410640379172443
2022-08-16,0.0004805319081949628
2022-08-17,-0.007557728608603537
2022-08-18,0.00015056474761595287
2022-08-19,-0.011658088314013978
2022-08-22,-0.01053392856192533
2022-08-23,-0.00016062673989799148
2022-08-24,-0.000547845031639327
2022-08-25,0.009572299904622994
2022-08-26,-0.013489885428732803
2022-08-29,-0.004271888462861821
2022-08-30,-0.004535290687497788
2022-08-31,-0.007477721567077224
2022-09-01,-0.008395952110037005
2022-09-02,6.0298199750959965e-05
2022-09-06,-0.009204712092652107
2022-09-07,0.011857056122439624
2022-09-08,-0.0024557741086493547
2022-09-09,0.009612148617041566
2022-09-12,0.004047248711024603
2022-09-13,-0.019115125941580033
2022-09-14,0.0015806777341061202
2022-09-15,-0.008501025014298488
2022-09-16,-0.003495043838244982
2022-09-19,0.0025439419200805175
2022-09-20,-0.009726370163840375
2022-09-21,-0.0012286977239508335
2022-09-22,-0.009669222047267887
2022-09-23,-0.013041369919459396
2022-09-26,-0.013711552306068001
2022-09-27,-0.007664106184049224
2022-09-28,0.02257447649784462
2022-09-29,-0.00868862094735372
2022-09-30,-0.0068280800865194
2022-10-03,0.01873953081893257
2022-10-04,0.01679165732038182
2022-10-05,-0.006557671027794027
2022-10-06,-0.007763897410209925
2022-10-07,-0.014094435701769834
2022-10-10,-0.009714621278657559
2022-10-11,-0.0029170304863592143
2022-10-12,0.0009537956951119237
2022-10-13,0.00542467073747444
2022-10-14,-0.012809007049002863
2022-10-17,0.009982957925191003
2022-10-18,0.005008881917168512
2022-10-19,-0.011959112394453485
2022-10-20,-0.007067676926162792
2022-10-21,0.008645198128654991
2022-10-24,-0.00010759852781037133
2022-10-25,0.015783611467560823
2022-10-26,0.00542453642268493
2022-10-27,-0.00014731431748270279
2022-10-28,0.002734446412724464
2022-10-31,-0.00698496164052729
2022-11-01,0.005047884119533834
2022-11-02,-0.010670231336892811
2022-11-03,-0.0064284089751034485
2022-11-04,0.01360537812560454
2022-11-07,-0.0008785792744447238
2022-11-08,0.010950213674683582
2022-11-09,-0.007013459867962373
2022-11-10,0.039457523064087854
2022-11-11,0.006325694888160321
2022-11-14,-0.004335792476150306
2022-11-15,0.008359550557291458
2022-11-16,0.0031689351232979286
2022-11-17,-0.005087508316988076
2022-11-18,-0.001761060692523791
2022-11-21,-0.0026096679816323813
2022-11-22,0.009506342267375394
2022-11-23,0.009329533401898623
2022-11-25,0.0005387108092474971
2022-11-28,-0.00711435401002822
2022-11-29,-0.0018477938227082688
2022-11-30,0.015172741129073512
2022-12-01,0.013600915642893173
2022-12-02,0.0022149768012489314
2022-12-05,-0.014093134771578362
2022-12-06,-7.663722337946119e-05
2022-12-07,0.007883782818663278
2022-12-08,0.0016167112894956504
2022-12-09,-0.007047429925315964
2022-12-12,0.002477228554394159
2022-12-13,0.010938068368386285
2022-12-14,-0.000574732205122059
2022-12-15,-0.012300566552798412
2022-12-16,-0.005170003429467874
2022-12-19,-0.007392712538185689
2022-12-20,-0.0004882887948052501
2022-12-21,0.0057725806108993374
2022-12-22,-0.006984633099511261
2022-12-23,-0.0012038432781673835
2022-12-27,-0.004219116040185459
2022-12-28,-0.00702899221478501
2022-12-29,0.01077561583280843
2022-12-30,-0.0048462442392265565
2023-01-03,0.007635802904893399
2023-01-04,0.009779287956021333
2023-01-05,-0.006016623136741704
2023-01-06,0.019087606252419377
2023-01-09,0.0027202929165661372
2023-01-10,-0.0013303637401878004
2023-01-11,0.008378484863879196
2023-01-12,0.011330699153295503
2023-01-13,0.001619941777263399
2023-01-17,-0.002647551794946585
2023-01-18,0.002299027405286878
2023-01-19,-0.00028704684900730224
2023-01-20,0.0007154478490036913
2023-01-23,0.002188374124203712
2023-01-24,0.004008775357009669
2023-01-25,0.0030313209611596633
2023-01-26,-0.000776500156776385
2023-01-27,-0.0009031845513535645
2023-01-30,-0.005583834881456333
2023-01-31,0.007115754975440821
2023-02-01,0.010260613985591716
2023-02-02,-0.001084781414325658
2023-02-03,-0.013999839502537787
2023-02-06,-0.005382456253278764
2023-02-07,0.0025113495995339927
2023-02-08,-0.0016983851977061917
2023-02-09,-0.0056239508533890495
2023-02-10,-0.0031184364823197033
2023-02-13,0.0055803621083245864
2023-02-14,-0.0007285535841233297
2023-02-15,-0.004479413500846512
2023-02-16,-0.007625635570168928
2023-02-17,0.002610965176364338
2023-02-21,-0.012761043323924887
2023-02-22,-0.00011817672932357178
2023-02-23,0.004592293473309461
2023-02-24,-0.010715980879319202
2023-02-27,0.004785645737498511
2023-02-28,-0.0004160117979347413
2023-03-01,-0.001804735514987316
2023-03-02,-0.00040948098618935527
2023-03-03,0.014550050985236575
2023-03-06,-0.003324955631846421
2023-03-07,-0.009010268846709909
2023-03-08,0.0012987981306851624
2023-03-09,-0.0019368117782119021
2023-03-10,0.008503660917808926
2023-03-13,0.004914875056073517
2023-03-14,0.0003708495869550256
2023-03-15,-1.1337886972062647e-05
2023-03-16,0.004571515094365385
2023-03-17,0.005494461303694081
2023-03-20,0.0024417645855802695
2023-03-21,-0.0004635787712533179
2023-03-22,0.0039764964449446214
2023-03-23,0.003487214677865497
2023-03-24,-0.0003401026490796016
2023-03-27,-0.0065081127893958255
2023-03-28,0.001432968574237018
2023-03-29,0.00410194853357026
2023-03-30,0.006454396155779342
2023-03-31,0.006704354284608428
2023-04-03,0.005621250197195242
2023-04-04,0.004353918890802552
2023-04-05,0.0007380490420464418
2023-04-06,0.0006246128048700188
2023-04-10,-0.0060178490268644885
2023-04-11,0.002487715954155291
2023-04-12,0.0014891562239028144
2023-04-13,0.006187178444442017
2023-04-14,-0.007608184546304212
2023-04-17,-0.003958020478476399
2023-04-18,0.002998623510564443
2023-04-19,-0.002089136532845095
2023-04-20,0.002275039330408934
2023-04-21,-0.0023199655629749768
2023-04-24,0.004100997388486771
2023-04-25,-0.0007472563741280637
2023-04-26,-0.004997553916700171
2023-04-27,0.0037682682789338963
2023-04-28,0.005917434322656003
2023-05-01,-0.009190108354164714
2023-05-02,0.006512211091024826
2023-05-03,0.0028200243184868467
2023-05-04,-0.002685385057540024
2023-05-05,0.0021724919437601533
2023-05-08,-0.003502544884620171
2023-05-09,-0.0011575384110373186
2023-05-10,0.0034085310747889066
2023-05-11,0.0002302254973587228
2023-05-12,-0.0037677046394430664
2023-05-15,7.779375117622579e-05
2023-05-16,-0.006810324488012418
2023-05-17,0.0017386231787745144
2023-05-18,-0.0033578106118359614
2023-05-19,0.0009750691235306346
2023-05-22,-0.0012011886884153707
2023-05-23,-0.004134755672738024
2023-05-24,-0.007559972024253153
2023-05-25,-0.0016953109616139627
2023-05-26,0.007111966277884804
2023-05-30,0.0026036988967646107
2023-05-31,-0.00039705177828995797
2023-06-01,0.007828687917533633
2023-06-02,-0.0006663587430248699
2023-06-05,-0.0007319315807788711
2023-06-06,0.0037103128643151445
2023-06-07,-0.00888421860813869
2023-06-08,0.00931776775197996
2023-06-09,-0.0012807947995319472
2023-06-12,0.0034586810496054065
2023-06-13,-0.0011749860402182131
2023-06-14,0.0027909349345803486
2023-06-15,0.009355185177745839
2023-06-16,-0.002891087371793678
2023-06-20,-0.003893193956693814
2023-06-21,-0.00027176891490319853
2023-06-22,-0.00596398800344925
2023-06-23,-0.0014715203024271437
2023-06-26,0.00023296231871685794
2023-06-27,0.0021323455869647076
2023-06-28,0.0012103432523338476
2023-06-29,-0.004892134942986398
2023-06-30,0.008949670813564039
2023-07-03,-0.0009830259853972941
2023-07-05,-0.006210487188638344
2023-07-06,-0.009864279340481697
2023-07-07,0.0013776331901909546
2023-07-10,0.002076721469360687
2023-07-11,0.005280087445627406
2023-07-12,0.011885897361180143
2023-07-13,0.008289308310036039
2023-07-14,-0.004069145977620919
2023-07-17,0.0009202447719629198
2023-07-18,0.0061607317012566465
2023-07-19,0.003221843565709548
2023-07-20,-0.00683022216228257
2023-07-21,1.9554443587829767e-05
2023-07-24,-0.001592026997008604
2023-07-25,0.0013190951520274318
2023-07-26,0.0024149036398546852
2023-07-27,-0.010618622998975598
2023-07-28,0.006764643314319318
2023-07-31,0.0017039310519129456
2023-08-01,-0.009838825167207289
2023-08-02,-0.010116434730163607
2023-08-03,-0.0071734552353276086
2023-08-04,0.0054755254895725875
2023-08-07,0.0011111610707991333
2023-08-08,-0.0005437960084908641
2023-08-09,-0.0011582081798258853
2023-08-10,-0.003837914197309147
2023-08-11,-0.002621360432345036
2023-08-14,-0.0009534151234920577
2023-08-15,-0.0070883293571477116
2023-08-16,-0.006335287746700754
2023-08-17,-0.004419674225984024
2023-08-18,0.001364428653222872
2023-08-21,-0.001056998145116162
2023-08-22,0.0011435208542321705
2023-08-23,0.01314112428761023
2023-08-24,-0.007249400205548494
2023-08-25,0.0029376659778790745
2023-08-28,0.004635050502103549
2023-08-29,0.010586372451036632
2023-08-30,0.0009319094303301531
2023-08-31,-0.00018494700889323183
2023-09-01,-0.003744978815220179
2023-09-05,-0.008160275929635186
2023-09-06,-0.00241008911774396
2023-09-07,0.00015156009797307675
2023-09-08,0.0009274421286454982
2023-09-11,0.0020860008618545137
2023-09-12,-0.0017054316280656183
2023-09-13,-0.0005990091811085704
2023-09-14,0.002747296273224979
2023-09-15,-0.00330374455052601
2023-09-18,0.0021283019262252245
2023-09-19,-0.0024862588572076056
2023-09-20,-0.0016846966603427072
2023-09-21,-0.014656299818774124
2023-09-22,0.002780648030132896
2023-09-25,-0.007614560803862614
2023-09-26,-0.008102497907105606
2023-09-27,-0.0045523232962579535
2023-09-28,0.0030039131419101273
2023-09-29,-0.003285445341782302
2023-10-02,-0.009834754795616131
2023-10-03,-0.01170855806073002
2023-10-04,0.006015843785444528
2023-10-05,0.0003527681030500474
2023-10-06,0.0024295704095898666
2023-10-09,0.011416912854516096
2023-10-10,0.0029713753333019967
2023-10-11,0.00820548711831447
2023-10-12,-0.01068257765606594
2023-10-13,0.007927646626205844
2023-10-16,-0.0017490290797270971
2023-10-17,-0.00315614316197759
2023-10-18,-0.00596923337337926
2023-10-19,-0.005883959156870136
2023-10-20,-0.00187696082554784
2023-10-23,0.0023060210480198803
2023-10-24,0.0059472382609383955
2023-10-25,-0.009397229818663123
2023-10-26,0.0008327273936866834
2023-10-27,-8.089019701623734e-05
2023-10-30,0.002450905258909837
2023-10-31,-0.00026777806266817044
2023-11-01,0.00995165208804599
2023-11-02,0.014212453118576732
2023-11-03,0.007242700939524344
2023-11-06,-0.005129138746302712
2023-11-07,0.0025376207992813967
2023-11-08,0.0019937173572994005
2023-11-09,-0.007037507519041597
2023-11-10,0.003423490261790762
2023-11-13,0.0009561826688214211
2023-11-14,0.01762507494042476
2023-11-15,-0.004457231527972003
2023-11-16,0.005964568200694212
2023-11-17,0.004309228835214146
2023-11-20,0.003461717261271259
2023-11-21,0.0009816900326312464
2023-11-22,0.0013796726121158792
2023-11-24,-0.0005977421656648521
2023-11-27,0.0047739305870012705
2023-11-28,0.004181404406114966
2023-11-29,0.004065428003467355
2023-11-30,-0.0032017132785582734
2023-12-01,0.012177212985472637
2023-12-04,-0.008481348653603909
2023-12-05,0.004081742071657884
2023-12-06,0.0036830691025088852
2023-12-07,0.0017724494350315689
2023-12-08,-0.0038648840614819205
2023-12-11,-0.0013442507654969295
2023-12-12,0.002428897321425256
2023-12-13,0.017203556333347688
2023-12-14,0.010002591812444414
2023-12-15,-0.004334787809163567
2023-12-18,0.0005257232054811581
2023-12-19,0.005576360948807813
2023-12-20,-0.00391694912843532
2023-12-21,0.005302130975392386
2023-12-22,0.00036705266708896055
2023-12-26,0.004230078571022302
2023-12-27,0.007130228076351553
2023-12-28,-0.003561535353784236
2023-12-29,-0.0028251960471385347
2024-01-02,-0.006096507113853026
2024-01-03,-0.0037259452836552187
2024-01-04,-0.003826375165298928
2024-01-05,-0.0019597477379865243
2024-01-08,0.006135525024061979
2024-01-09,-0.003531779215754542
2024-01-10,0.0008364346549373295
2024-01-11,0.0025578368650390156
2024-01-12,0.00284635507169534
2024-01-16,-0.011011249142744865
2024-01-17,-0.006097237589631023
2024-01-18,0.0031556821719631012
2024-01-19,0.0041782640211688
2024-01-22,0.0018782278531827427
2024-01-23,-0.0012666288199453376
2024-01-24,-0.0015907713828153538
2024-01-25,0.00467953343370261
2024-01-26,1.67914259701122e-05
2024-01-29,0.007112133629562768
2024-01-30,0.00206643739939249
2024-01-31,-0.0015396036756209503
2024-02-01,0.011679247300392156
2024-02-02,-0.007698792432344932
2024-02-05,-0.00861923857138692
2024-02-06,0.005880752148007848
2024-02-07,0.00010824182621100985
2024-02-08,-0.0021685689705965364
2024-02-09,0.0005872246720641339
2024-02-12,7.144812008050131e-06
2024-02-13,-0.014020617072552512
2024-02-14,0.005908432048711257
2024-02-15,0.006448008190716782
2024-02-16,-0.0017701246846528558
2024-02-20,0.0012869148630272073
2024-02-21,-0.001650539273093144
2024-02-22,0.007649135725050639
2024-02-23,0.004886871087472543
2024-02-26,-0.0024934687072300146
2024-02-27,-0.0009777367489337372
2024-02-28,0.0005526206188854134
2024-02-29,0.0040213010522174115
2024-03-01,0.009809487439942829
2024-03-04,0.0011872103073423015
2024-03-05,0.002773342204750289
2024-03-06,0.006531119326458189
2024-03-07,0.0057088881879695345
2024-03-08,-0.00034755156797752426
2024-03-11,-0.001263583760159575
2024-03-12,-0.0006305173634227813
2024-03-13,-0.0002138320677669787
2024-03-14,-0.007099172698181436
2024-03-15,-0.0020275996601069653
2024-03-18,0.0007120463173964116
2024-03-19,0.0022991049714725913
2024-03-20,0.006578874398970264
2024-03-21,0.0009329409545658225
2024-03-22,0.0002563035296113685
2024-03-25,-0.0016751579272108559
2024-03-26,0.0010729589741000857
2024-03-27,0.007014075066017386
2024-03-28,0.0016902219661243838
2024-04-01,-0.0042634350745658555
2024-04-02,-0.0010091641077045878
2024-04-03,0.0031248870349283664
2024-04-04,-0.0034202366416737936
2024-04-05,0.0024085206396876283
2024-04-08,0.0021027640759937152
2024-04-09,0.0038580351207391323
2024-04-10,-0.013315875706415925
2024-04-11,0.004986289484122661
2024-04-12,-0.007190637978533167
2024-04-15,-0.0037069893147650265
2024-04-16,-0.003988958440208971
2024-04-17,0.0005965056276514463
2024-04-18,-0.0018990311977831146
2024-04-19,-3.781733341112728e-05
2024-04-22,-0.0010775400707730095
2024-04-23,0.004687887857796319
2024-04-24,-0.0028456748211273426
2024-04-25,-0.0025325763195390553
2024-04-26,0.005726656139811933
2024-04-29,0.0033411870887296983
2024-04-30,-0.01227744541265284
2024-05-01,0.002897981160430557
2024-05-02,0.0056905154564167665
2024-05-03,0.007339340694180964
2024-05-06,0.006393529478113239
2024-05-07,0.0015289612949254026
2024-05-08,-0.002435569374438598
2024-05-09,0.007161149562730774
2024-05-10,0.0007028995654633851
2024-05-13,-0.001614823665562185
2024-05-14,0.005786577011209078
2024-05-15,0.011122342437326108
2024-05-16,-0.0026618463920818594
2024-05-17,0.00229521740883787
2024-05-20,0.0003721044465160341
2024-05-21,0.001328630118768316
2024-05-22,-0.006170659308696069
2024-05-23,-0.008370181276743296
2024-05-24,0.00400122556519798
2024-05-28,-0.0016114378726705741
2024-05-29,-0.009665425912234557
2024-05-30,0.003582424735890805
2024-05-31,0.00447469189299381
2024-06-03,0.0069891381157306505
2024-06-04,0.001260721089394218
2024-06-05,0.008214695233389786
2024-06-06,0.0018773306776789212
2024-06-07,-0.015110772165524195
2024-06-10,0.0008427598803258318
2024-06-11,0.0015045522120474932
2024-06-12,0.0069830387041426275
2024-06-13,-0.00016123964605316746
2024-06-14,0.002425936099403049
2024-06-17,-0.001356085935430804
2024-06-18,0.004669351447393927
2024-06-20,0.00038970126908357357
2024-06-21,-0.0049290557127102215
2024-06-24,0.0028126996380209044
2024-06-25,0.0006411504543637518
2024-06-26,-0.0068758801901250355
2024-06-27,0.0038466013800813876
2024-06-28,-0.005241511615959453
2024-07-01,-0.003191302881805176
2024-07-02,0.0039858511097400845
2024-07-03,0.009108608289907606
2024-07-05,0.007859614736839823
2024-07-08,-0.0027974026317705127
2024-07-09,-0.0013137287835841218
2024-07-10,0.006293651090375118
2024-07-11,0.005357428703575372
2024-07-12,0.004636040477276815
2024-07-15,-0.003510077309796581
2024-07-16,0.009675683176463445
2024-07-17,-0.004606622760811843
2024-07-18,-0.006860971613070233
2024-07-19,-0.007761074351787764
2024-07-22,0.003583534646140271
2024-07-23,-0.001051548033121481
2024-07-24,-0.010636926138904537
2024-07-25,-0.003219083555436322
2024-07-26,0.00913439172127703
2024-07-29,0.00038613389019256136
2024-07-30,0.0023763409272821996
2024-07-31,0.0126418789698011
2024-08-01,-0.0061734561873009585
2024-08-02,0.0012884039366699161
2024-08-05,-0.012081185985018329
2024-08-06,-0.004942915426171759
2024-08-07,-0.0025827849515839434
2024-08-08,0.009576185819503976
2024-08-09,0.00479285948703607
2024-08-12,0.0044090897446862854
2024-08-13,0.008608335263447536
2024-08-14,0.0013573843601331704
2024-08-15,0.0040339896421136235
2024-08-16,0.0071552889659527675
2024-08-19,0.005165892390256394
2024-08-20,0.001978892145828851
2024-08-21,0.0027805176271715124
2024-08-22,-0.008018327335243342
2024-08-23,0.01031184885589739
2024-08-26,-0.0014350390820299073
2024-08-27,0.001442944572842673
2024-08-28,-0.0036792867625483282
2024-08-29,0.0009050370208251161
2024-08-30,-0.0018411233947529682
2024-09-03,-0.003960401335799888
2024-09-04,0.0021960130266779963
2024-09-05,0.0028647945744563947
2024-09-06,-0.008371090011459992
2024-09-09,0.006238158667455679
2024-09-10,0.002720749728402005
2024-09-11,0.0027037051891403087
2024-09-12,0.005741129769314266
2024-09-13,0.004461432625952509
2024-09-16,0.004199752703722799
2024-09-17,-0.00330156000215087
2024-09-18,-0.005952521881214029
2024-09-19,0.009857711310043848
2024-09-20,-0.0007674401290407516
2024-09-23,0.001130073412776951
2024-09-24,0.0047797394217984285
2024-09-25,-0.0042053906491264365
2024-09-26,0.006706080313045845
2024-09-27,-0.0014419418239410432
2024-09-30,-0.0028301679101288835
2024-10-01,0.0007197161727399193
2024-10-02,-0.0024378401534574843
2024-10-03,-0.005084748971644982
2024-10-04,-0.001138993315418173
2024-10-07,-0.005796209724946081
2024-10-08,0.0007803988052519577
2024-10-09,-0.0013328412408016783
2024-10-10,-1.4919596949652996e-05
2024-10-11,0.0036439889490831505
2024-10-14,0.00186111060142227
2024-10-15,-0.0009132798004812206
2024-10-16,0.0034557572215778804
2024-10-17,-0.002901273354141068
2024-10-18,0.004524660966746326
2024-10-21,-0.007626166022858186
2024-10-22,0.0011183421579942583
2024-10-23,-0.007320480583442446
2024-10-24,0.004775221359284372
2024-10-25,-0.001870347393533723
2024-10-28,0.0013658978163181863
2024-10-29,0.00230271047715871
2024-10-30,-0.0004134988460898734
2024-10-31,-0.00801117113961949
2024-11-01,-0.003167624505770291
2024-11-04,0.003937783450098889
2024-11-05,0.006356108688175497
2024-11-06,-0.011093467327320848
2024-11-07,0.011760434871266212
2024-11-08,-0.0003496526598946449
2024-11-11,-0.005917350287185508
2024-11-12,-0.010249904228453845
2024-11-13,-0.005048990327272059
2024-11-14,-0.00030271507089339825
2024-11-15,-0.004178463414986576
2024-11-18,0.006241401211693014
2024-11-19,0.003562231580881749
2024-11-20,-0.00018601352302111292
2024-11-21,0.0024690445558491884
2024-11-22,0.004270448314265715
2024-11-25,0.0027558172736192777
2024-11-26,-0.0007258814249444574
2024-11-27,0.002820737516481611
2024-11-29,0.00826690166140253
2024-12-02,-0.0001251504625240748
2024-12-03,-0.0005243232167634775
2024-12-04,0.0048043666337565785
2024-12-05,-0.0003895340196737563
2024-12-06,0.0013088617194440214
2024-12-09,-0.0016110552991647586
2024-12-10,-0.0009186705018568064
2024-12-11,0.002324409081196568
2024-12-12,-0.008998617623833666
2024-12-13,-0.005800788687402623
2024-12-16,0.0013904546809726716
2024-12-17,-0.0014382820042902378
2024-12-18,-0.018816064792703934
2024-12-19,-0.003977160585787043
2024-12-20,0.005454513969652372
2024-12-23,-0.0006586223676317497
2024-12-24,0.004234818466917192
2024-12-26,0.0023239759568368526
2024-12-27,-0.005805444513024343
2024-12-30,-0.0017858767577947255
2024-12-31,-0.0008776700976454789
2025-01-02,0.002096768566406876
2025-01-03,0.0010392556911282083
2025-01-06,0.0017192396012849988
2025-01-07,-0.004247949062427178
2025-01-08,0.0015016513927779487
2025-01-10,-0.0066422254302676035
2025-01-13,-0.002552378519436814
2025-01-14,0.0017590677067529897
2025-01-15,0.012807743174424378
2025-01-16,0.0031849241695444943
2025-01-17,0.002010212749740199
2025-01-21,0.011339512520064309
2025-01-22,0.00018487454332884667
2025-01-23,0.0005790993483206449
2025-01-24,0.002982046984075804
2025-01-27,-0.0013903197951493417
2025-01-28,0.002953240361707764
2025-01-29,-0.0022049806065964606
2025-01-30,0.007283374953944661
2025-01-31,-0.00427977259293517
2025-02-03,-0.000774254482865292
2025-02-04,0.006583005097386906
2025-02-05,0.008341812612147321
2025-02-06,0.0008463031772146854
2025-02-07,-0.00541826029744147
2025-02-10,0.005615798266988844
2025-02-11,-0.0013354499916184907
2025-02-12,-0.0034752476731048413
2025-02-13,0.010972797947813017
2025-02-14,-0.0008746360093785192
2025-02-18,0.0021740349889768527
2025-02-19,-0.0009285949430676147
2025-02-20,0.0012483717881373677
2025-02-21,-0.0015540024245981213
2025-02-24,0.0009439109642272069
2025-02-25,0.0028719790240917587
2025-02-26,0.002200043789649362
2025-02-27,-0.010288122870429732
2025-02-28,0.005600600758976321
2025-03-03,0.00275972266505844
2025-03-04,-0.003693105609430015
2025-03-05,0.005140137499557107
2025-03-06,-0.007598185533043661
2025-03-07,0.0023770365911054384
2025-03-10,-0.008749074526744352
2025-03-11,-0.0021132729443828577
2025-03-12,0.0014909213714817129
2025-03-13,0.001977202008430165
2025-03-14,0.006374475415459186
2025-03-17,0.006099283564870212
2025-03-18,0.0006027599081659599
2025-03-19,0.005125361343600462
2025-03-20,-0.002138509750391047
2025-03-21,-0.004230822372763751
2025-03-24,-0.00022503288102084722
2025-03-25,0.002613231264830903
2025-03-26,-0.0069161402681129575
2025-03-27,0.0018778577310708466
2025-03-28,-0.0003629247173283678
2025-03-31,0.004668528633377197
2025-04-01,0.0031022380037107355
2025-04-02,0.001725495722355429
2025-04-03,-0.013053971667417926
2025-04-04,-0.027482622091019707
2025-04-07,-0.018703356187457377
2025-04-08,-0.007378222046539842
2025-04-09,0.04210860257688705
2025-04-10,-0.013059476747642093
2025-04-11,0.013145133332884551
2025-04-14,0.005607593625013831
2025-04-15,0.003402037751210652
2025-04-16,0.003087367327253068
2025-04-17,-0.000708418703726287
2025-04-21,-0.004374535102802274
2025-04-22,0.007804323979712332
2025-04-23,0.0016527141776760989
2025-04-24,0.012904430456454787
2025-04-25,0.0023674651693783694
2025-04-28,0.0060913879968891626
2025-04-29,0.0018268986253617493
2025-04-30,-0.0034401725971523714
2025-05-01,-0.004946567941817478
2025-05-02,0.0039044944106659788
2025-05-05,0.0038057881986031526
2025-05-06,0.004791192733018284
2025-05-07,-0.001618206935296854
2025-05-08,-0.0065947058102365326
2025-05-09,0.0026674926277132573
2025-05-12,-0.0004912199001878099
2025-05-13,0.0014020839614263484
2025-05-14,-0.006856107550437066
2025-05-15,0.009206574840278349
2025-05-16,-1.069827570344839e-05
2025-05-19,0.00403496902494346
2025-05-20,0.0021770115001935463
2025-05-21,-0.007805080874901618
2025-05-22,-0.00016627623292354574
2025-05-23,0.003915900781701142
2025-05-27,0.007297225476849716
2025-05-28,-0.00514562144108894
2025-05-29,0.005413189961770857
2025-05-30,-0.0004364633682040529
2025-06-02,0.0062121030246446276
2025-06-03,-0.002651471689936818
2025-06-04,0.006474809459693423
2025-06-05,-0.0024532142415837474
2025-06-06,-0.003497435304272078
2025-06-09,0.0015920785669201998
2025-06-10,0.002942690722386237
2025-06-11,0.0014771348650048904
2025-06-12,0.007874039535342929
2025-06-13,-0.004824642367848285
2025-06-16,-0.0025972627795588918
2025-06-17,-0.001007427270957715
2025-06-18,-0.0002826223936862085
2025-06-20,-0.002617469419470163
2025-06-23,0.005219005631923552
2025-06-24,0.0037489587660399257
2025-06-25,-0.00015146639740453634
2025-06-26,0.005138887976822095
2025-06-27,-0.0026672000705363656
2025-06-30,0.006266596896321165
2025-07-01,0.0016679432989367242
2025-07-02,0.0010617407103604586
2025-07-03,-0.0013903706605776632
2025-07-07,-0.006259342246840334
2025-07-08,-0.0010913289436846265
2025-07-09,0.006489304042978029
2025-07-10,0.0009740317428103524
2025-07-11,-0.004315541777373801
2025-07-14,-0.0007771525104711847
2025-07-15,-0.0057993338164023574
2025-07-16,0.0030372289299880344
2025-07-17,0.0013188071043495181
2025-07-18,0.0005387827114469608
2025-07-21,0.006805312245941535
2025-07-22,0.00458522623077809
2025-07-23,0.0026303871586865744
2025-07-24,-0.0030474011134753233
2025-07-25,0.0002863212256203878
2025-07-28,-0.00613894053641756
2025-07-29,0.004074654203211117
2025-07-30,-0.006754311311040306
2025-07-31,-0.001353818209397598
2025-08-01,0.004801385414491138
2025-08-04,0.007543316983519624
2025-08-05,-0.00014995373300332457
2025-08-06,0.0011374466697098606
2025-08-07,0.002857647571809488
2025-08-08,0.0014598207223306661
2025-08-11,-0.003762207393348346
2025-08-12,0.0033855259986864047
2025-08-13,0.004886254480191897
2025-08-14,-0.003294385074360546
2025-08-15,-0.0008643036529966827
2025-08-18,-0.0014022770256303663
2025-08-19,-0.0006202532317403071
2025-08-20,0.0027698382298270837
2025-08-21,-0.004200005742613403
2025-08-22,0.010742644673640491
2025-08-25,-0.004855814862313349
2025-08-26,0.0021583299197784917
2025-08-27,0.0003543164375613336
2025-08-28,0.004478901332535456
2025-08-29,-0.0020819391413692163
2025-09-02,-0.0007319658738198018
2025-09-03,0.005804917263709915
2025-09-04,0.004537974845177172
2025-09-05,0.006988521404892813
2025-09-08,0.00811102124057176
2025-09-09,-0.00217373344894016
2025-09-10,0.0027919749869383943
2025-09-11,0.005156502571799846
2025-09-12,-0.001484698549385665
2025-09-15,0.005248060570388484
2025-09-16,8.340173199667696e-05
2025-09-17,-0.003395888449745461
2025-09-18,-0.0017088255400158998
2025-09-19,0.0019000238020379352
2025-09-22,0.004113928014337763
2025-09-23,0.0011006668959752282
2025-09-24,-0.004791054648624377
2025-09-25,-0.0018289346196169232
2025-09-26,0.003829196533250003
2025-09-29,0.006638648856688926
2025-09-30,0.002659164934547502
2025-10-01,0.0036997629032332123
2025-10-02,0.0006451029126124077
2025-10-03,0.0026958945404118324
2025-10-06,0.00288238239522299
2025-10-07,6.781208163200069e-05
2025-10-08,0.005214951901478351
2025-10-09,-0.006293124284755657
2025-10-10,-0.002994452997643158
2025-10-13,0.009716134719473248
2025-10-14,0.0030035026168620284
2025-10-15,0.004779422553499559
2025-10-16,0.006593278852621156
2025-10-17,-0.0028810501146669413
2025-10-20,0.01206133894608547
2025-10-21,-0.013255558297472202
2025-10-22,-0.00117602744421866
2025-10-23,0.0011375635916749582
2025-10-24,0.0015850333202687165
2025-10-27,-0.0009698906049535095
2025-10-28,-0.00033878103834543996
2025-10-29,-0.004784787244632167
2025-10-30,-0.0006192448912785585
2025-10-31,-0.0016708296657065758
2025-11-03,8.993756241506969e-05
2025-11-04,-0.007354508800381713
2025-11-05,0.001478175760707045
2025-11-06,-0.0002723926423827683
2025-11-07,0.0016752526007487523
2025-11-10,0.010494050420912839
2025-11-11,0.004222352480480033
2025-11-12,0.00477315760094274
2025-11-13,-0.009289582632401469
2025-11-14,-0.0056232652271089745
2025-11-17,-0.006255035865845295
2025-11-18,-0.002740175415887945
2025-11-19,4.3044356375704646e-05
2025-11-20,-0.004843443499727658
2025-11-21,0.005838609350923875
2025-11-24,0.0078226927672598
2025-11-25,0.005007653074472095
2025-11-26,0.006361093315422513
2025-11-28,0.0030359602100367864
2025-12-01,-0.00430584072057538
2025-12-02,7.658845521977024e-05
2025-12-03,0.0025254426533460324
2025-12-04,-0.0007143614328806977
2025-12-05,-0.0011274663315617136
2025-12-08,-0.002728761066560875
2025-12-09,0.0006173722262848755
2025-12-10,0.0057649778791522945
2025-12-11,0.003588212097941601
2025-12-12,-0.004648924087816107
2025-12-15,0.0014512322700843613
2025-12-16,3.811281429614931e-05
2025-12-17,-0.0023474492651928106
2025-12-18,0.0040205332611423375
2025-12-19,0.002318980611694932
2025-12-22,0.005847455057722791
2025-12-23,0.00512456596628858
2025-12-24,0.001740210817518848
2025-12-26,0.002065183323769361
2025-12-29,-0.009060760562849851
2025-12-30,-0.0003571843945683757
