Date,PORT
2021-01-05,0.0033845444990389106
2021-01-06,0.0005182470860186084
2021-01-07,0.005567747336588014
2021-01-08,-0.0003241075519835549
2021-01-11,-0.006849555826119714
2021-01-12,0.0008606654713923857
2021-01-13,0.002648698448256559
2021-01-14,-0.0023457642043298033
2021-01-15,-0.00789150746352978
2021-01-19,0.007018110759042728
2021-01-20,0.009848763295064056
2021-01-21,-0.0005286419256208432
2021-01-22,-0.0031431910189927523
2021-01-25,0.002540808003715145
2021-01-26,0.00034062784449794285
2021-01-27,-0.017830342973510317
2021-01-28,0.005614452030852357
2021-01-29,-0.015575160045129644
2021-02-01,0.01213425499285814
2021-02-02,0.007681754354588276
2021-02-03,-0.0009021431632690757
2021-02-04,0.003574863498637548
2021-02-05,0.0033035421461211634
2021-02-08,0.006747976414766721
2021-02-09,0.0004438122987297733
2021-02-10,0.00047720272125955087
2021-02-11,0.0005772134778272763
2021-02-12,0.0010591729385991179
2021-02-16,-0.003706322143333241
2021-02-17,-0.0015415459806364606
2021-02-18,-0.0032272464902967646
2021-02-19,-0.0020507166329229885
2021-02-22,-0.004325075679325385
2021-02-23,5.629931426895935e-05
2021-02-24,0.0056682177752570345
2021-02-25,-0.02093863369248976
2021-02-26,-0.0005097005243016811
2021-03-01,0.013151911750716137
2021-03-02,-0.003077371042471433
2021-03-03,-0.011070409599445686
2021-03-04,-0.010523107512173268
2021-03-05,0.010511243385891622
2021-03-08,-0.0040165692598614355
2021-03-09,0.0147289530675897
2021-03-10,0.00624723547823689
2021-03-11,0.005697937121812313
2021-03-12,-0.003558250744234215
2021-03-15,0.003615560361606485
2021-03-16,-0.0015893069703809771
2021-03-17,0.0028843776749908345
2021-03-18,-0.012371661554923197
2021-03-19,0.0008592504724261875
2021-03-22,0.006137462808776328
2021-03-23,-0.004994953955407578
2021-03-24,-0.0018495255905526251
2021-03-25,0.0021562856240963544
2021-03-26,0.010294840177781638
2021-03-29,-0.003549649129851995
2021-03-30,-0.001217849862663001
2021-03-31,0.0024300018253378356
2021-04-01,0.013340016227406482
2021-04-05,0.009835416054871161
2021-04-06,-0.0001595999448009035
2021-04-07,-0.0007383240850908468
2021-04-08,0.0061244912175067116
2021-04-09,0.0024649671018494687
2021-04-12,-0.001208271871146216
2021-04-13,0.004790596353511556
2021-04-14,-0.0027641412446456127
2021-04-15,0.011849721073687957
2021-04-16,0.0036043921146170057
2021-04-19,-0.0037816841197976015
2021-04-20,-0.00618023335141974
2021-04-21,0.008955041138620955
2021-04-22,-0.004920309680165491
2021-04-23,0.0066227893623095335
2021-04-26,0.0013594010752031149
2021-04-27,-0.0023646123929447426
2021-04-28,0.0009537801869631158
2021-04-29,0.0022903580112479394
2021-04-30,-0.0066442224958152
2021-05-03,0.005048033407088993
2021-05-04,-0.006457097751569519
2021-05-05,0.004132713019092749
2021-05-06,0.007943870090289252
2021-05-07,0.006484436939562799
2021-05-10,-0.008868471682316637
2021-05-11,-0.008027822297471187
2021-05-12,-0.015816271342440458
2021-05-13,0.00886168347750309
2021-05-14,0.015148617918059949
2021-05-17,-0.0012522110789596305
2021-05-18,-0.004928758622926877
2021-05-19,-0.004458638256508452
2021-05-20,0.011047069793005205
2021-05-21,0.000932741184966346
2021-05-24,0.007543671308328738
2021-05-25,0.001956542161694108
2021-05-26,-0.0008034197968605273
2021-05-27,-8.828602168213794e-05
2021-05-28,0.002108236020124865
2021-06-01,0.0001616272022376464
2021-06-02,0.0021630691785778033
2021-06-03,-0.006082369736105331
2021-06-04,0.00970899752080696
2021-06-07,0.00022069400908020231
2021-06-08,0.0009288130217135037
2021-06-09,0.00038046670830642636
2021-06-10,0.004060920147992775
2021-06-11,0.0003238320224795419
2021-06-14,-0.00037384964093415416
2021-06-15,-0.001464024849714829
2021-06-16,-0.006587072454742438
2021-06-17,-0.0015290258265397319
2021-06-18,-0.007714903253687122
2021-06-21,0.007701365791020941
2021-06-22,0.0028066823600939924
2021-06-23,-0.0030930750796968947
2021-06-24,0.0055383300489264325
2021-06-25,2.016179811157291e-05
2021-06-28,0.0016248990152730625
2021-06-29,-0.0005379312796719328
2021-06-30,-0.0003625931156804764
2021-07-01,0.0036882796631582337
2021-07-02,0.005878698008222827
2021-07-06,-0.0006532179963117836
2021-07-07,0.005209772014246816
2021-07-08,-0.006816665219242501
2021-07-09,0.007197563630308123
2021-07-12,0.0024937425031172915
2021-07-13,-0.004832332203573597
2021-07-14,0.00514739168235887
2021-07-15,-0.0016830959938349485
2021-07-16,-0.006960111733907004
2021-07-19,-0.007836526065281091
2021-07-20,0.006787954554968546
2021-07-21,0.0051354247310318015
2021-07-22,0.0037126368817685714
2021-07-23,0.0054161536799486095
2021-07-26,0.0008708937810881113
2021-07-27,-0.0007294271186333745
2021-07-28,0.0014440709721523339
2021-07-29,0.003690077866330422
2021-07-30,-0.0036852468562377453
2021-08-02,0.0011536237129329166
2021-08-03,0.005346783350792395
2021-08-04,-0.001872312778842311
2021-08-05,0.002633783359106501
2021-08-06,-0.005313171519992821
2021-08-09,-0.003348087125935562
2021-08-10,2.9217309193740796e-05
2021-08-11,0.0037204173812931175
2021-08-12,0.0017400364338240326
2021-08-13,0.006789066467629735
2021-08-16,0.0010197556317663504
2021-08-17,-0.005567234258166621
2021-08-18,-0.0057628439806700175
2021-08-19,-0.0002296080041760295
2021-08-20,0.0052550181340249805
2021-08-23,0.007723876234433847
2021-08-24,-0.0008964833935373398
2021-08-25,-0.0012220498578708887
2021-08-26,-0.0032195561057949073
2021-08-27,0.009454069454102366
2021-08-30,0.0026579562516701573
2021-08-31,-0.0020561615342170824
2021-09-01,0.002790181830619854
2021-09-02,0.0028439172345201217
2021-09-03,-0.0022178020805046494
2021-09-07,-0.005245210589714878
2021-09-08,-0.001605754491455025
2021-09-09,0.00011727421997956874
2021-09-10,-0.006804726818609242
2021-09-13,0.004572131499713072
2021-09-14,-0.00015119680752564415
2021-09-15,0.002552065383421298
2021-09-16,-0.003916935217714035
2021-09-17,-0.00937131285706423
2021-09-20,-0.009473466514445162
2021-09-21,0.0026260656280406086
2021-09-22,0.008142330556806177
2021-09-23,0.003217652466594767
2021-09-24,-0.0033069376367716122
2021-09-27,-0.001858665840633844
2021-09-28,-0.019205694555662522
2021-09-29,-0.00040298182956014503
2021-09-30,-0.006574689034503745
2021-10-01,0.008952178594833859
2021-10-04,-0.007949501312991858
2021-10-05,0.004366460572789333
2021-10-06,0.002214272377478288
2021-10-07,0.003938106731405067
2021-10-08,-0.0028242383283139105
2021-10-11,-0.005607178739836693
2021-10-12,0.002737983062279603
2021-10-13,0.008331297067761945
2021-10-14,0.01251811424106657
2021-10-15,0.002683277633411263
2021-10-18,0.000939739437280618
2021-10-19,0.002266225935463994
2021-10-20,0.002235564511613286
2021-10-21,0.0003040620609485956
2021-10-22,0.0038425353409961005
2021-10-25,0.0020918583983153384
2021-10-26,0.0026215258607548923
2021-10-27,0.0012665829377514037
2021-10-28,0.006638377148804176
2021-10-29,-1.763832088976804e-05
2021-11-01,0.002104761523379395
2021-11-02,0.0027770795230309788
2021-11-03,0.0021049426201796284
2021-11-04,0.0052074516735178605
2021-11-05,0.007436787080548891
2021-11-08,0.0004245967315468446
2021-11-09,0.001304723749833237
2021-11-10,-0.009456616326818058
2021-11-11,0.0010492899865012007
2021-11-12,0.0035653738164952214
2021-11-15,-0.003463691517564016
2021-11-16,0.0006760256957669907
2021-11-17,0.0013346253365143614
2021-11-18,0.0027008190756194653
2021-11-19,-0.00281280142971494
2021-11-22,-0.008135004283541704
2021-11-23,-0.003615250912894264
2021-11-24,0.0026015792786623806
2021-11-26,-0.012857458927312514
2021-11-29,0.004962120106427314
2021-11-30,-0.008800233574289095
2021-12-01,-0.00398456939395504
2021-12-02,0.009422549097420909
2021-12-03,-0.0032272995211772176
2021-12-06,0.005613754507983904
2021-12-07,0.014830810189891542
2021-12-08,-0.0021686402079604153
2021-12-09,-0.005854048279128888
2021-12-10,0.0056223799980393615
2021-12-13,-0.00317577467583755
2021-12-14,-0.0059943333523553854
2021-12-15,0.009266389416987032
2021-12-16,-0.0037933377396746184
2021-12-17,-0.006699899105266304
2021-12-20,-0.007096305548611593
2021-12-21,0.011024477351842166
2021-12-22,0.009606601679182281
2021-12-23,0.0030950717691714978
2021-12-27,0.00970944823045079
2021-12-28,-0.001813614578428735
2021-12-29,-0.0017386593042967749
2021-12-30,0.0006397757620696499
2021-12-31,9.130445433470642e-05
2022-01-03,-0.0019616889758737434
2022-01-04,0.0004223638193725399
2022-01-05,-0.011937082153326397
2022-01-06,-0.002230913641493093
2022-01-07,-0.0022448523902298904
2022-01-10,-0.0018606403807143509
2022-01-11,0.008813910108236423
2022-01-12,0.0030817938694196467
2022-01-13,-0.007102392168844928
2022-01-14,-0.0031152942912369363
2022-01-18,-0.014809490123261071
2022-01-19,-0.0020211187680399863
2022-01-20,-0.005424550110366721
2022-01-21,-0.010282861508017015
2022-01-24,-0.0015982577872857067
2022-01-25,-0.008298544617175642
2022-01-26,-0.004262269332650271
2022-01-27,-0.0008679749444850393
2022-01-28,0.012881785272586778
2022-01-31,0.011566874606864053
2022-02-01,0.0050211521022825115
2022-02-02,0.006417464125486605
2022-02-03,-0.016541472470714257
2022-02-04,-0.0007534100622958339
2022-02-07,-0.0006457862249337642
2022-02-08,0.004123687326673253
2022-02-09,0.011481522583939108
2022-02-10,-0.014592652631775949
2022-02-11,-0.010523447488895176
2022-02-14,-0.0057409361005016256
2022-02-15,0.010351217544065117
2022-02-16,0.0036070647426973855
2022-02-17,-0.011608389196234147
2022-02-18,-0.0020636348532479644
2022-02-22,-0.009568710529677516
2022-02-23,-0.01324869096011937
2022-02-24,0.00348339061546007
2022-02-25,0.016106449349565233
2022-02-28,-0.0025491785644386807
2022-03-01,-0.011612234596301894
2022-03-02,0.0053527408123230195
2022-03-03,-0.005558333739486045
2022-03-04,-0.009434623191344004
2022-03-07,-0.022247042620789505
2022-03-08,0.0028069496478207454
2022-03-09,0.02240513630498621
2022-03-10,-0.010757717633303455
2022-03-11,-0.008118361511463567
2022-03-14,-0.005552068339942429
2022-03-15,0.010689830778450649
2022-03-16,0.023325953265667554
2022-03-17,0.00535655090391951
2022-03-18,0.00776374240279778
2022-03-21,-0.0065974271239327646
2022-03-22,0.005448473810228727
2022-03-23,-0.005309745089152228
2022-03-24,0.008365044851877102
2022-03-25,-0.000452653164498096
2022-03-28,0.0048990453612962614
2022-03-29,0.01446267984606484
2022-03-30,-0.0028087228286986284
2022-03-31,-0.012320719635872812
2022-04-01,0.0038426526310615383
2022-04-04,0.0036704650109011805
2022-04-05,-0.015546226219059637
2022-04-06,-0.010466600596760411
2022-04-07,0.0015436175664695017
2022-04-08,-0.0027015788159062137
2022-04-11,-0.012680583453194927
2022-04-12,-0.002645693051200848
2022-04-13,0.008860152859233228
2022-04-14,-0.011564305542186525
2022-04-18,-0.0008488144266802335
2022-04-19,0.0063872758722991465
2022-04-20,0.007037897308154928
2022-04-21,-0.011123116696181577
2022-04-22,-0.01901476437646414
2022-04-25,0.0009624404187887126
2022-04-26,-0.01902733024047759
2022-04-27,-0.001974094064289811
2022-04-28,0.017227613869977867
2022-04-29,-0.023980918658638297
2022-05-02,-0.002230966195143647
2022-05-03,0.005359191414029363
2022-05-04,0.021591406195614973
2022-05-05,-0.03027959508146252
2022-05-06,-0.008836767193813067
2022-05-09,-0.02136085890104683
2022-05-10,0.004410958827139999
2022-05-11,-0.003657814855866048
2022-05-12,-0.002677779749362852
2022-05-13,0.014179671752554935
2022-05-16,-0.0012539037191133025
2022-05-17,0.012718236214971423
2022-05-18,-0.02237919098113814
2022-05-19,0.0006981925361079444
2022-05-20,0.002784037719562016
2022-05-23,0.011801536187556484
2022-05-24,5.9996591818389853e-05
2022-05-25,0.0048768211362642646
2022-05-26,0.01263402362402063
2022-05-27,0.016894571184412153
2022-05-31,-0.0090464941555212
2022-06-01,-0.007091993258704133
2022-06-02,0.016290252460148747
2022-06-03,-0.012370205214858833
2022-06-06,-0.0011521060791187649
2022-06-07,0.00789985207039785
2022-06-08,-0.010229713138037623
2022-06-09,-0.017289740978565473
2022-06-10,-0.0210434330761332
2022-06-13,-0.03552772726481448
2022-06-14,-0.0064194638932186686
2022-06-15,0.017113879118110423
2022-06-16,-0.019397293650088007
2022-06-17,0.0021498171266614023
2022-06-21,0.011493365458564619
2022-06-22,0.0037071932211737994
2022-06-23,0.005482663458236547
2022-06-24,0.019417241113414842
2022-06-27,-0.005414658821695973
2022-06-28,-0.011886543954333384
2022-06-29,0.0015941745817699472
2022-06-30,-0.004338562876332874
2022-07-01,0.00681435927530767
2022-07-05,-0.006631087367146215
2022-07-06,-0.00301405837087666
2022-07-07,0.008672395784431953
2022-07-08,-0.0024658110005014167
2022-07-11,-0.0067336904990959465
2022-07-12,-0.004276922177650267
2022-07-13,0.0009237863983387552
2022-07-14,-0.007532432371933395
2022-07-15,0.014885093091444567
2022-07-18,-0.004936866060916478
2022-07-19,0.020959540513526158
2022-07-20,0.0004566562646564186
2022-07-21,0.012395839913536032
2022-07-22,-0.0021368100190021777
2022-07-25,9.378821807411972e-05
2022-07-26,-0.010662057607306806
2022-07-27,0.019024225258825033
2022-07-28,0.010932692542390866
2022-07-29,0.010691087556772949
2022-08-01,0.0036045959166333243
2022-08-02,-0.011678703780241518
2022-08-03,0.01483504021798121
2022-08-04,0.0032246552142200626
2022-08-05,-0.008661831989381353
2022-08-08,0.004176066463063711
2022-08-09,-0.004032431651069079
2022-08-10,0.013378873168240947
2022-08-11,-0.005249214478447883
2022-08-12,0.013506714190464387
2022-08-15,-0.0011384206184669736
2022-08-16,0.0026645637900251985
2022-08-17,-0.008512462987207804
2022-08-18,0.0005453496360865228
2022-08-19,-0.014725673559057116
2022-08-22,-0.01799539883057445
2022-08-23,-0.001011827342490845
2022-08-24,0.0008631547022185382
2022-08-25,0.012777418870313828
2022-08-26,-0.024009118206637692
2022-08-29,-0.004192660318708997
2022-08-30,-0.006759882044737487
2022-08-31,-0.008318215614545432
2022-09-01,-0.006012749778599425
2022-09-02,-0.004851676086419143
2022-09-06,-0.00721627261128669
2022-09-07,0.017801576115824915
2022-09-08,-0.0005661948992252146
2022-09-09,0.014397624982588364
2022-09-12,0.009160813010475666
2022-09-13,-0.03026560608440457
2022-09-14,0.0035792065158936517
2022-09-15,-0.009736941248806641
2022-09-16,-0.0059271233831896366
2022-09-19,0.005075657097346719
2022-09-20,-0.01234724900599502
2022-09-21,-0.00795104914732615
2022-09-22,-0.010125199524025687
2022-09-23,-0.016929569021590197
2022-09-26,-0.01252293785693942
2022-09-27,-0.007968841006444904
2022-09-28,0.023705875190561176
2022-09-29,-0.014163832558825605
2022-09-30,-0.011036436916098147
2022-10-03,0.023574965802845637
2022-10-04,0.02767600958081353
2022-10-05,-0.006091394689715268
2022-10-06,-0.01099353383044246
2022-10-07,-0.02174732568013733
2022-10-10,-0.009256968088760854
2022-10-11,-0.004728757899581505
2022-10-12,-0.0001000097278887835
2022-10-13,0.016573916544538138
2022-10-14,-0.01748362822684494
2022-10-17,0.01885432619670193
2022-10-18,0.009354576163793447
2022-10-19,-0.010574602077028317
2022-10-20,-0.0074355030573244
2022-10-21,0.014253640126128644
2022-10-24,0.00568225992213871
2022-10-25,0.019325494370803643
2022-10-26,0.0017110636401180715
2022-10-27,-0.0026443509222167875
2022-10-28,0.012247341095568576
2022-10-31,-0.008687499953370082
2022-11-01,0.002625839578065881
2022-11-02,-0.019066579155204856
2022-11-03,-0.008564483400813283
2022-11-04,0.017792254918467275
2022-11-07,0.004337860801981995
2022-11-08,0.009072146521842673
2022-11-09,-0.01239522366499668
2022-11-10,0.05055480171379207
2022-11-11,0.009643897430776649
2022-11-14,-0.0059943327615369245
2022-11-15,0.009022662791324776
2022-11-16,0.0009709636814907221
2022-11-17,-0.0040231496944155625
2022-11-18,0.001123778477056547
2022-11-21,-0.003324191284660749
2022-11-22,0.012103516672719737
2022-11-23,0.009135968784581828
2022-11-25,1.3466675058582177e-05
2022-11-28,-0.01122170879697918
2022-11-29,-0.0016001387580332539
2022-11-30,0.02273299221251639
2022-12-01,0.009293141770661673
2022-12-02,0.0016474541001706311
2022-12-05,-0.01610165610666886
2022-12-06,-0.00513246555047191
2022-12-07,0.00510397201848486
2022-12-08,0.004235868595850635
2022-12-09,-0.009253523069275283
2022-12-12,0.00785691319724513
2022-12-13,0.010946448850335001
2022-12-14,-0.0029004105991241036
2022-12-15,-0.019919592537376594
2022-12-16,-0.009165438390270965
2022-12-19,-0.008335847903747463
2022-12-20,-0.0006107934661504721
2022-12-21,0.0111299084893278
2022-12-22,-0.010518814298025746
2022-12-23,0.00037454135610612825
2022-12-27,-0.00463775075001166
2022-12-28,-0.010176809930164966
2022-12-29,0.015752500130845903
2022-12-30,-0.0059864577480560855
2023-01-03,0.00567846137017527
2023-01-04,0.012781660087341364
2023-01-05,-0.008100255816985969
2023-01-06,0.022937203428775678
2023-01-09,0.003114556951103687
2023-01-10,0.0023064193876098037
2023-01-11,0.011853850743725436
2023-01-12,0.009748611881065395
2023-01-13,0.0025751262832773626
2023-01-17,-0.0031280162546010295
2023-01-18,-0.004814141697957897
2023-01-19,-0.0047105924252011325
2023-01-20,0.007595121418968541
2023-01-23,0.006686830260577259
2023-01-24,0.002800630521154213
2023-01-25,0.0022765611043218392
2023-01-26,0.004102389054915678
2023-01-27,-0.00031717329508441645
2023-01-30,-0.00912387779288495
2023-01-31,0.011434520073290134
2023-02-01,0.011987367418685337
2023-02-02,0.006254239460852594
2023-02-03,-0.01326133749428703
2023-02-06,-0.006627492338029262
2023-02-07,0.006416662148623908
2023-02-08,-0.0057465845760399144
2023-02-09,-0.006226745116742195
2023-02-10,-0.0026261364616463555
2023-02-13,0.009967350154038702
2023-02-14,0.0002540274290938505
2023-02-15,-0.00045784153093291207
2023-02-16,-0.010911418627938839
2023-02-17,0.0010631736424941089
2023-02-21,-0.01732974999424224
2023-02-22,-0.00018944831074594313
2023-02-23,0.006502914845143182
2023-02-24,-0.013634768901407768
2023-02-27,0.00611713619249581
2023-02-28,-0.001960080274203635
2023-03-01,-0.002230896627435264
2023-03-02,0.0027846523874210938
2023-03-03,0.01702621658292025
2023-03-06,-0.0013580968104148106
2023-03-07,-0.012164744393852744
2023-03-08,0.0020404516016944933
2023-03-09,-0.009936056257881597
2023-03-10,0.0005781131135890734
2023-03-13,-0.0005843232865614277
2023-03-14,0.0085709838453201
2023-03-15,-0.005705510653343338
2023-03-16,0.011008414737788885
2023-03-17,-0.0024949876075113443
2023-03-20,0.00677225452397381
2023-03-21,0.007100066564372709
2023-03-22,-0.0042466008329267845
2023-03-23,0.0029532523158691598
2023-03-24,0.0011534624546014835
2023-03-27,-0.0031614871525876393
2023-03-28,0.0007681940707194858
2023-03-29,0.009730821070716112
2023-03-30,0.00831025326620478
2023-03-31,0.010173329210363347
2023-04-03,0.004711161867177727
2023-04-04,0.0006137675237794962
2023-04-05,-0.0005705070408992815
2023-04-06,0.002780636794367297
2023-04-10,-0.003375306741734019
2023-04-11,0.0015529315423717938
2023-04-12,5.593137828404672e-05
2023-04-13,0.009061677375500477
2023-04-14,-0.004972564657128686
2023-04-17,-0.0027217644689612524
2023-04-18,0.0030983635186991433
2023-04-19,-0.0009553531937829597
2023-04-20,-0.0011540793293522752
2023-04-21,-0.00013071557581362248
2023-04-24,0.0035011766779299513
2023-04-25,-0.008009481314864508
2023-04-26,-0.004419729937184924
2023-04-27,0.010423654226823719
2023-04-28,0.006755542623079514
2023-05-01,-0.006944734410515774
2023-05-02,-0.0008979655556200289
2023-05-03,-0.001037817242123329
2023-05-04,-0.005668882405673403
2023-05-05,0.010187965033949097
2023-05-08,-0.0025323955449151115
2023-05-09,-0.004067055615048388
2023-05-10,0.003721689768486791
2023-05-11,-0.00031475352276033586
2023-05-12,-0.003175170179428499
2023-05-15,0.0007973956433821258
2023-05-16,-0.006426435528717567
2023-05-17,0.006536160374810041
2023-05-18,0.002415845865979471
2023-05-19,0.00035426951407989686
2023-05-22,-0.0006301015638068065
2023-05-23,-0.008786345133883842
2023-05-24,-0.008851546636119468
2023-05-25,0.00339055577623375
2023-05-26,0.011556270959368066
2023-05-30,0.0003918584445634423
2023-05-31,-0.004303641736702901
2023-06-01,0.009228650042084952
2023-06-02,0.005778426167534757
2023-06-05,-0.0027306109214859653
2023-06-06,0.0028575103307064034
2023-06-07,-0.006523916868287438
2023-06-08,0.009211029449790265
2023-06-09,-0.001209828925794032
2023-06-12,0.007323591656947559
2023-06-13,0.002216357811955127
2023-06-14,0.0034849049563996817
2023-06-15,0.011466716567233526
2023-06-16,-0.0024743619428227895
2023-06-20,-0.004082214299239884
2023-06-21,-0.002488298826976265
2023-06-22,-0.002558187175797033
2023-06-23,-0.0044558135278640835
2023-06-26,-0.0008663183255065651
2023-06-27,0.00756718900895792
2023-06-28,0.0010227961087553527
2023-06-29,-0.001713136152273631
2023-06-30,0.012042510323303435
2023-07-03,-6.412555270625132e-05
2023-07-05,-0.00728316175997118
2023-07-06,-0.011950974630043442
2023-07-07,0.0003366070821713584
2023-07-10,0.003256201507402956
2023-07-11,0.006618024138630462
2023-07-12,0.012732437635692383
2023-07-13,0.009739534514474868
2023-07-14,-0.002658204893722582
2023-07-17,0.0013621945967885463
2023-07-18,0.006397920520198542
2023-07-19,0.0018235629327145952
2023-07-20,-0.007354867770447838
2023-07-21,0.001234588826862637
2023-07-24,-0.0004925783294126187
2023-07-25,0.0009228267562716218
2023-07-26,0.0005889320827790589
2023-07-27,-0.008593664331295959
2023-07-28,0.010197699934354643
2023-07-31,0.0015874579832513501
2023-08-01,-0.008878218874789224
2023-08-02,-0.013990566876025035
2023-08-03,-0.006901289137195621
2023-08-04,0.0022092667746534626
2023-08-07,0.004565307137657171
2023-08-08,-0.002875629042499128
2023-08-09,-0.0020570362127677374
2023-08-10,-0.0011675410118348164
2023-08-11,-0.0031058865692840222
2023-08-14,0.001767715027274885
2023-08-15,-0.010044496119435954
2023-08-16,-0.007185002112941164
2023-08-17,-0.007309754282254576
2023-08-18,0.0014589688261194
2023-08-21,0.0024152257734612044
2023-08-22,-6.142649658014124e-05
2023-08-23,0.012494729538206916
2023-08-24,-0.011503441332908414
2023-08-25,0.005579334343932597
2023-08-28,0.006152277314229493
2023-08-29,0.013078694433546855
2023-08-30,0.0020822028602015988
2023-08-31,-0.002393140061980104
2023-09-01,-0.0034380315752282177
2023-09-05,-0.008062288304057641
2023-09-06,-0.004372427517848753
2023-09-07,-0.0022956923959498443
2023-09-08,0.001993390623272884
2023-09-11,0.00433680957915088
2023-09-12,-0.0034586595343402797
2023-09-13,-0.0008824681877245722
2023-09-14,0.0051052308410987285
2023-09-15,-0.007066180665659039
2023-09-18,0.0009937904073606951
2023-09-19,-0.0024803586806519283
2023-09-20,-0.00407201727247627
2023-09-21,-0.01719625893542016
2023-09-22,0.00058270425608854
2023-09-25,-0.005237804864323314
2023-09-26,-0.011772847666979227
2023-09-27,-0.002638565597949361
2023-09-28,0.005536840728239956
2023-09-29,-0.002008329669475417
2023-10-02,-0.00795900957773117
2023-10-03,-0.0129135575237452
2023-10-04,0.008197981744183257
2023-10-05,-0.0009734539820330566
2023-10-06,0.007193470500010047
2023-10-09,0.008153816023241256
2023-10-10,0.005157201912284537
2023-10-11,0.008393941756214685
2023-10-12,-0.011410292885212094
2023-10-13,0.001210331923121611
2023-10-16,0.003749270572113051
2023-10-17,-0.0017199015461393022
2023-10-18,-0.01081591898297256
2023-10-19,-0.007494275281489761
2023-10-20,-0.0067652035153436315
2023-10-23,0.002563053412437533
2023-10-24,0.007390315151106875
2023-10-25,-0.01254165845036679
2023-10-26,-0.003792753879218136
2023-10-27,-0.0036233869096612527
2023-10-30,0.007724261138446842
2023-10-31,0.0023324091874146746
2023-11-01,0.01122784788626787
2023-11-02,0.019211566833650974
2023-11-03,0.007802177857130133
2023-11-06,-0.0028766846031241357
2023-11-07,0.003148596824357786
2023-11-08,0.004707930427832064
2023-11-09,-0.0077868403874443055
2023-11-10,0.009417962131724378
2023-11-13,0.00024453859442885584
2023-11-14,0.02117144652136571
2023-11-15,-0.001575638167255489
2023-11-16,0.004405295166424784
2023-11-17,0.004255176761434077
2023-11-20,0.0058824046427539125
2023-11-21,-0.0016305550369180354
2023-11-22,0.00266320578160435
2023-11-24,0.0005578440479890867
2023-11-27,0.0023563708083671033
2023-11-28,0.0022620488280849617
2023-11-29,0.003478533268948425
2023-11-30,-0.0015289916353678492
2023-12-01,0.009826355853581159
2023-12-04,-0.005947508317064721
2023-12-05,0.004330206193814979
2023-12-06,0.0010337541825371167
2023-12-07,0.004058753803673288
2023-12-08,0.0007511457678277328
2023-12-11,0.001096480425635704
2023-12-12,0.0036639063257239315
2023-12-13,0.016393980616810588
2023-12-14,0.008054490966925433
2023-12-15,-0.0034619617606351017
2023-12-18,0.001812291307960012
2023-12-19,0.006620600511878295
2023-12-20,-0.009467575497321003
2023-12-21,0.007548678481887916
2023-12-22,0.00019363443931526
2023-12-26,0.0048801460370017985
2023-12-27,0.0057469477987107005
2023-12-28,-0.003615298159229308
2023-12-29,-0.0030870846635727366
2024-01-02,-0.007468374546135592
2024-01-03,-0.006468049882970828
2024-01-04,-0.0036131341377573347
2024-01-05,-0.0015569113780272703
2024-01-08,0.010917599110483456
2024-01-09,-0.004661375506828002
2024-01-10,0.00325179173893686
2024-01-11,0.0008935230426283859
2024-01-12,0.0010708365216544947
2024-01-16,-0.009835974964665938
2024-01-17,-0.00545993581704486
2024-01-18,0.006249016809118269
2024-01-19,0.007747206648481519
2024-01-22,0.0018230539195868143
2024-01-23,-9.585993295124773e-05
2024-01-24,0.0024198132348999153
2024-01-25,0.005572316465916139
2024-01-26,0.0010505179039361433
2024-01-29,0.007310919950562855
2024-01-30,0.0020112428243538316
2024-01-31,-0.008364824467306308
2024-02-01,0.01396684688394072
2024-02-02,-0.0015061930815306935
2024-02-05,-0.007165267618389526
2024-02-06,0.005661835162496698
2024-02-07,0.00315464534960318
2024-02-08,-0.00021113327636553843
2024-02-09,0.003489297613272957
2024-02-12,-0.00029571918356996463
2024-02-13,-0.015783498262992624
2024-02-14,0.008430777410025781
2024-02-15,0.007478636854576171
2024-02-16,-0.003796798353609498
2024-02-20,-0.000660076179900315
2024-02-21,0.00038469872335753484
2024-02-22,0.014705321719448784
2024-02-23,0.003586411598118411
2024-02-26,-0.0024131646464106483
2024-02-27,0.0003578573817943685
2024-02-28,0.000244681532571356
2024-02-29,0.0039724812203716375
2024-03-01,0.008744800657784779
2024-03-04,0.0008476994637470537
2024-03-05,-0.002893232001501788
2024-03-06,0.007088910684229966
2024-03-07,0.00875895509793112
2024-03-08,-0.004379426139819709
2024-03-11,-0.0007606194571276649
2024-03-12,0.0049085406176027635
2024-03-13,-0.00022277478155077182
2024-03-14,-0.006148637102173282
2024-03-15,-0.0035206577998752485
2024-03-18,0.0016433907556391066
2024-03-19,0.003750175816263512
2024-03-20,0.00826527288559733
2024-03-21,0.0010816472245600893
2024-03-22,-0.0005746618283377524
2024-03-25,-0.0013603587046121524
2024-03-26,-0.00010125203348512193
2024-03-27,0.008714408916851157
2024-03-28,0.00014929921178133973
2024-04-01,-0.0029059391599482124
2024-04-02,-0.005173610005394237
2024-04-03,0.002974513407066182
2024-04-04,-0.00762114812954544
2024-04-05,0.004549006715509329
2024-04-08,0.0021085477165224244
2024-04-09,0.0018439200300158776
2024-04-10,-0.012606241875606038
2024-04-11,0.0045639103116540845
2024-04-12,-0.011316671125023482
2024-04-15,-0.007456142904207309
2024-04-16,-0.0026970048634284427
2024-04-17,-0.0012522194990094216
2024-04-18,-0.0019272760048453129
2024-04-19,-0.0033890178476819856
2024-04-22,0.003727482681618965
2024-04-23,0.00975950418412609
2024-04-24,-0.002819859255291446
2024-04-25,-0.003846514961409031
2024-04-26,0.008528631832911549
2024-04-29,0.002599285247229655
2024-04-30,-0.015525965982954047
2024-05-01,0.00012122870851442077
2024-05-02,0.006802452418116778
2024-05-03,0.010040064218567658
2024-05-06,0.008826159492279273
2024-05-07,0.00294511074226862
2024-05-08,-0.00048706931951054684
2024-05-09,0.0073726829260157166
2024-05-10,0.0010215334086014715
2024-05-13,-0.00038998017562981153
2024-05-14,0.005626121594122102
2024-05-15,0.01186300759733925
2024-05-16,-0.003579866600570203
2024-05-17,0.0016050516878681087
2024-05-20,4.299458662928576e-05
2024-05-21,0.0020046976924053103
2024-05-22,-0.004886261275535287
2024-05-23,-0.007753641234153598
2024-05-24,0.005985707337329949
2024-05-28,-0.0012647977265734856
2024-05-29,-0.010477799184841874
2024-05-30,0.000216847641967999
2024-05-31,0.006147215678338014
2024-06-03,0.005278016569013989
2024-06-04,0.0005773695084006823
2024-06-05,0.01193443463341408
2024-06-06,0.0012606436605942296
2024-06-07,-0.010712839554867393
2024-06-10,-5.7872884952003974e-05
2024-06-11,0.0009875539290101101
2024-06-12,0.009582476558217756
2024-06-13,-0.0014203677685153296
2024-06-14,-0.00186884528804836
2024-06-17,0.0045149305411882334
2024-06-18,0.004192579471917646
2024-06-20,-0.001004678576225293
2024-06-21,-0.004351434121410747
2024-06-24,0.0017155802002769894
2024-06-25,0.002079705283766453
2024-06-26,-0.004846527994276606
2024-06-27,0.0027433216861341373
2024-06-28,-0.005919421005600178
2024-07-01,0.0001970979991287032
2024-07-02,0.0038849273971696906
2024-07-03,0.009428924725273081
2024-07-05,0.007360391934814813
2024-07-08,-0.0014910566236904456
2024-07-09,-0.0027012904962826047
2024-07-10,0.008693427727964376
2024-07-11,-6.186269325588714e-05
2024-07-12,0.007145596951912936
2024-07-15,-0.003021946507198692
2024-07-16,0.007536440948936551
2024-07-17,-0.010079234209676146
2024-07-18,-0.007459748551527789
2024-07-19,-0.008207267716019973
2024-07-22,0.008598488761806555
2024-07-23,-0.002094667157856478
2024-07-24,-0.01699436532067643
2024-07-25,-0.003290186778711968
2024-07-26,0.011118300915362034
2024-07-29,-0.001311776675613752
2024-07-30,-0.00028539227390637066
2024-07-31,0.013259417036884292
2024-08-01,-0.01092454579669687
2024-08-02,-0.005057871120869606
2024-08-05,-0.018237352862477175
2024-08-06,-0.00020251365651063934
2024-08-07,-0.003939703602652877
2024-08-08,0.01525546024018205
2024-08-09,0.004729601973987152
2024-08-12,0.0019599367337945093
2024-08-13,0.012785055979703952
2024-08-14,0.0034494749366849493
2024-08-15,0.010455338555785931
2024-08-16,0.0055725437568924455
2024-08-19,0.008196373767257448
2024-08-20,0.0010956454067852619
2024-08-21,0.0037153627702334324
2024-08-22,-0.009069028753025177
2024-08-23,0.011163223803743728
2024-08-26,-0.002369958258414018
2024-08-27,0.0011673986765216471
2024-08-28,-0.0045304288093962475
2024-08-29,0.00047758888283389034
2024-08-30,0.0023947943215256954
2024-09-03,-0.010855246053773825
2024-09-04,0.0005059707697962045
2024-09-05,-0.00024356567503098754
2024-09-06,-0.012803731903595983
2024-09-09,0.008546943426908028
2024-09-10,0.002517147878373249
2024-09-11,0.006948581451145297
2024-09-12,0.006539527463668882
2024-09-13,0.005129133388695117
2024-09-16,0.0037083450226770955
2024-09-17,-0.001404483927672029
2024-09-18,-0.005376877004519365
2024-09-19,0.01439155889718644
2024-09-20,-0.0030555162023157114
2024-09-23,0.0009428528490131205
2024-09-24,0.005758980134602498
2024-09-25,-0.004675725952694243
2024-09-26,0.009056776234878461
2024-09-27,-0.0004007103332111406
2024-09-30,-0.0016927807483456791
2024-10-01,-0.005296368048470201
2024-10-02,-0.00203692895062535
2024-10-03,-0.005003708707783372
2024-10-04,0.003417835025994253
2024-10-07,-0.00719022455709647
2024-10-08,0.0043714514767594585
2024-10-09,0.002543986016229172
2024-10-10,-0.00138688734117427
2024-10-11,0.004527237212372425
2024-10-14,0.005263609120625213
2024-10-15,-0.00623560477204619
2024-10-16,0.0023910992647854235
2024-10-17,-0.0022204662152717214
2024-10-18,0.005837962271367481
2024-10-21,-0.006837032827219525
2024-10-22,0.0001851522457497533
2024-10-23,-0.007564194146469894
2024-10-24,0.004761986614496805
2024-10-25,-0.0018984131482232438
2024-10-28,0.0030687321696514667
2024-10-29,0.0014103346849407838
2024-10-30,-0.002285890963624038
2024-10-31,-0.012484482530839114
2024-11-01,-0.0003420930282549866
2024-11-04,0.0018042526149399053
2024-11-05,0.009129113691746559
2024-11-06,-0.0016563915713338267
2024-11-07,0.011651277495147206
2024-11-08,0.0004138026632957035
2024-11-11,-0.0036405321846907923
2024-11-12,-0.009508841963509694
2024-11-13,-0.003688258362362907
2024-11-14,-0.0005698034272214824
2024-11-15,-0.0077402861584067615
2024-11-18,0.004992100303776526
2024-11-19,0.002537119561676704
2024-11-20,-0.000849302204271063
2024-11-21,0.0027842710664259585
2024-11-22,0.0029930464974951
2024-11-25,0.00488724402982924
2024-11-26,0.0008866167401023749
2024-11-27,0.0009385291008800702
2024-11-29,0.008569841207788165
2024-12-02,0.0015909355244703716
2024-12-03,-5.243680260300654e-05
2024-12-04,0.007032291002373281
2024-12-05,0.0013829679027318356
2024-12-06,0.0020089611840990785
2024-12-09,-0.0035348650356764157
2024-12-10,-0.0027996059744377906
2024-12-11,0.0034943079854735212
2024-12-12,-0.007716604777180347
2024-12-13,-0.0020369764708445095
2024-12-16,0.0017600170162948236
2024-12-17,-0.00195446606729468
2024-12-18,-0.024177709104514
2024-12-19,-0.003567823409435478
2024-12-20,0.007924477394180429
2024-12-23,0.002424942235092597
2024-12-24,0.006891902576328301
2024-12-26,0.0014169437720823463
2024-12-27,-0.008329376845789582
2024-12-30,-0.005924323361749906
2024-12-31,-0.002586528330084093
2025-01-02,-0.0013797430765666863
2025-01-03,0.006205432011292589
2025-01-06,0.00702606074439256
2025-01-07,-0.0067068563507762914
2025-01-08,0.0005697003017017365
2025-01-10,-0.009648052442603205
2025-01-13,-0.0011995981746183216
2025-01-14,0.00273005831557267
2025-01-15,0.015383488225381957
2025-01-16,0.0036667796863402934
2025-01-17,0.005445964984336116
2025-01-21,0.012369073641430606
2025-01-22,0.0027350850327157784
2025-01-23,0.002623408890308432
2025-01-24,0.00035878693985655927
2025-01-27,-0.005330587255678876
2025-01-28,0.003695126533231052
2025-01-29,-0.0025248272398529004
2025-01-30,0.006989212243942333
2025-01-31,-0.005572115370832109
2025-02-03,-0.004801899055237979
2025-02-04,0.009217639896903251
2025-02-05,0.007160464519399289
2025-02-06,0.0031196467849365366
2025-02-07,-0.008085302738687006
2025-02-10,0.006419588147317667
2025-02-11,0.00088249938559154
2025-02-12,-0.0017181766727611069
2025-02-13,0.011512822806884572
2025-02-14,0.0009445127096672447
2025-02-18,0.0018355139042265597
2025-02-19,-0.0017387408608183776
2025-02-20,5.710641730564132e-05
2025-02-21,-0.007459697337580295
2025-02-24,-0.0017560748802992409
2025-02-25,0.0017070624890600187
2025-02-26,0.0022282837453933223
2025-02-27,-0.015255554097988311
2025-02-28,0.010376583919866489
2025-03-03,-0.0024390741446947304
2025-03-04,-0.00703775003039825
2025-03-05,0.010623426589095476
2025-03-06,-0.01199217755709313
2025-03-07,0.004582486085036241
2025-03-10,-0.017423856480757127
2025-03-11,-0.004034643971262963
2025-03-12,0.0017011851953133927
2025-03-13,-0.005290383279650801
2025-03-14,0.01403234504577695
2025-03-17,0.007657888109770839
2025-03-18,-0.003138226028064961
2025-03-19,0.007048730043984785
2025-03-20,-0.004245713506620995
2025-03-21,-0.003808573638844082
2025-03-24,0.006299939805036592
2025-03-25,0.0035410043389544122
2025-03-26,-0.011094344127964485
2025-03-27,-0.000762849114541342
2025-03-28,-0.0074552626964901605
2025-03-31,0.0042738747643182645
2025-04-01,0.004146028742723051
2025-04-02,0.004150660234271241
2025-04-03,-0.028377435373533755
2025-04-04,-0.04149561533065876
2025-04-07,-0.0157753431935579
2025-04-08,-0.013328200218473264
2025-04-09,0.06937361744037167
2025-04-10,-0.023298535856482016
2025-04-11,0.015627694374409872
2025-04-14,0.007246351057850509
2025-04-15,0.001147106498026085
2025-04-16,-0.00721855964257725
2025-04-17,0.0002513404043255507
2025-04-21,-0.014696484665560517
2025-04-22,0.01777225915049875
2025-04-23,0.010105565911490599
2025-04-24,0.016928130410026145
2025-04-25,0.00539133625142979
2025-04-28,0.003911962545202408
2025-04-29,0.0030990052826625593
2025-04-30,-0.0030417009446673587
2025-05-01,0.000627418804148727
2025-05-02,0.009121809867503773
2025-05-05,-0.0002893021958128685
2025-05-06,-0.0010328738453402432
2025-05-07,0.0007000057619637955
2025-05-08,-0.0007254013882416754
2025-05-09,0.0021070456616392396
2025-05-12,0.012904045271508145
2025-05-13,0.004552796656324576
2025-05-14,-0.003288716951104287
2025-05-15,0.006733010458040534
2025-05-16,0.0031298830966534183
2025-05-19,0.0035002169356256998
2025-05-20,-0.00047827975177237034
2025-05-21,-0.011843354715627207
2025-05-22,0.00029428309532220065
2025-05-23,-0.003074406128107555
2025-05-27,0.014669956464081204
2025-05-28,-0.006351821530625002
2025-05-29,0.005282969803796611
2025-05-30,-0.001310476346231393
2025-06-02,0.0062043084617516625
2025-06-03,0.0002961216921328002
2025-06-04,0.004881503374774666
2025-06-05,-0.0027033217915856224
2025-06-06,0.0019236017716806049
2025-06-09,0.0009524082358477238
2025-06-10,0.004240417136558539
2025-06-11,-0.0004991624877982769
2025-06-12,0.006622274733118316
2025-06-13,-0.010191343094538586
2025-06-16,0.00334704065743966
2025-06-17,-0.005052892937217934
2025-06-18,-0.0005639045173191249
2025-06-20,-0.002544320365408015
2025-06-23,0.008122332350108286
2025-06-24,0.008580156116928805
2025-06-25,-0.0007551924532664955
2025-06-26,0.00608352204422643
2025-06-27,0.001605109521021397
2025-06-30,0.0064725192724241825
2025-07-01,0.00038928784533627243
2025-07-02,0.0032827995526701014
2025-07-03,0.0018805038417632142
2025-07-07,-0.006875688209090958
2025-07-08,0.0006487686800960792
2025-07-09,0.008654565619049738
2025-07-10,0.0004533613790718815
2025-07-11,-0.006031249658556371
2025-07-14,6.736942538607674e-05
2025-07-15,-0.006483314638107408
2025-07-16,0.0029645844131261033
2025-07-17,0.0033391459329972116
2025-07-18,-0.0009677588156967731
2025-07-21,0.004921902560003511
2025-07-22,0.002124095424279182
2025-07-23,0.0066424436748345975
2025-07-24,-0.0032467883184019277
2025-07-25,0.003187155397696173
2025-07-28,-0.005942704618902362
2025-07-29,0.002827446026792946
2025-07-30,-0.004816645985294932
2025-07-31,-0.004428386982648802
2025-08-01,-0.005850546633770061
2025-08-04,0.01132197802771453
2025-08-05,-0.0012272997600042967
2025-08-06,0.004002763217272665
2025-08-07,0.0029358669139412878
2025-08-08,0.0037476577769157806
2025-08-11,-0.0038111120963479125
2025-08-12,0.006203251465259363
2025-08-13,0.0058499690293532195
2025-08-14,-0.0012790869157719431
2025-08-15,-0.0010915872711189656
2025-08-18,-0.002093478191860432
2025-08-19,-0.0015565280721999918
2025-08-20,0.0005937793929623015
2025-08-21,-0.004882418839015113
2025-08-22,0.013313587037961705
2025-08-25,-0.006711788294181276
2025-08-26,0.00177809509524407
2025-08-27,0.0008177048067103065
2025-08-28,0.0048930576398828135
2025-08-29,-0.004636051620024717
2025-09-02,-0.005049021311043888
2025-09-03,0.006143983295860122
2025-09-04,0.005939952179998043
2025-09-05,0.003252977271724356
2025-09-08,0.006977067288728335
2025-09-09,-0.00024792433879808904
2025-09-10,0.0019178631156320236
2025-09-11,0.007371586338984926
2025-09-12,-0.0008399701214544365
2025-09-15,0.006363756549120025
2025-09-16,-0.0004945748977636443
2025-09-17,-0.003071075704768245
2025-09-18,0.0024608790581593046
2025-09-19,0.0027181537206983682
2025-09-22,0.0036529624449363365
2025-09-23,-0.00022488151677073635
2025-09-24,-0.004409279301759639
2025-09-25,-0.0035735667986235287
2025-09-26,0.006176007594358436
2025-09-29,0.005445088398293075
2025-09-30,0.0033487510403428676
2025-10-01,0.004909003704574188
2025-10-02,0.002186843203166022
2025-10-03,0.0009063946238600628
2025-10-06,0.0009308175825163188
2025-10-07,-0.0023016773238486057
2025-10-08,0.006021064766557349
2025-10-09,-0.005452190661279133
2025-10-10,-0.012708676671116349
2025-10-13,0.01166449518241053
2025-10-14,0.0019148207899179481
2025-10-15,0.004010185975868663
2025-10-16,0.002336310142656717
2025-10-17,0.0011597100372770393
2025-10-20,0.011181052150296567
2025-10-21,-0.0070859636471374944
2025-10-22,-0.0035316029737154754
2025-10-23,0.003232585532529542
2025-10-24,0.003985491390924268
2025-10-27,0.005686875513060241
2025-10-28,0.0008959422727321419
2025-10-29,-0.0027612295783573607
2025-10-30,-0.0060247691508770185
2025-10-31,-0.0008140365022113683
2025-11-03,0.00085200109368897
2025-11-04,-0.009274366502850784
2025-11-05,0.002196454511258406
2025-11-06,-0.005078274944044126
2025-11-07,0.0014586775504011663
2025-11-10,0.013092124955141136
2025-11-11,0.004395501443217142
2025-11-12,0.004131903818575023
2025-11-13,-0.012118780225623427
2025-11-14,-0.004676247216386021
2025-11-17,-0.008501146363516099
2025-11-18,-0.00593367954635421
2025-11-19,0.0012128812427098625
2025-11-20,-0.00966254571258298
2025-11-21,0.007410473724531497
2025-11-24,0.009896904786812977
2025-11-25,0.008377268104879076
2025-11-26,0.007595257993804472
2025-11-28,0.004177720453644219
2025-12-01,-0.004624096166636971
2025-12-02,0.001881149868418541
2025-12-03,0.003477872654293968
2025-12-04,-0.0007484113531353475
2025-12-05,-0.00013509288732096452
2025-12-08,-0.0025301013680981144
2025-12-09,-0.00025133300859029315
2025-12-10,0.006505679056058345
2025-12-11,0.004115858205123968
2025-12-12,-0.008335424103739374
2025-12-15,0.0004027032490665051
2025-12-16,-0.0008638349531835286
2025-12-17,-0.007111361490092872
2025-12-18,0.006086642582946534
2025-12-19,0.004854375310886306
2025-12-22,0.005440967141340836
2025-12-23,0.004415984197120771
2025-12-24,0.002931543669941383
2025-12-26,0.0011449753550958563
2025-12-29,-0.006600921393221471
2025-12-30,0.0001751974662335344
2025-12-31,-0.006923713038906765
